url,status,final_url,title,description,h1,html_lang,canonical,robots_meta,jsonld_types,img_total,img_missing_alt,internal_links,word_count,issues,error
https://brokeandfixed.com/en,200,https://brokeandfixed.com/en,"Broke & Fixed Home Solutions | Kitchen & Bathroom Remodeling, Painting | Miami-Dade","Kitchen and bathroom remodeling, interior and exterior painting, tile work, and exterior repairs across Kendall, West Kendall, Palmetto Bay, Doral, and all of Miami-Dade. Family owned, fully insured. Call 786-363-7039 for a free estimate.",We fix what's broke. | We build what's next.,en,https://brokeandfixed.com/en,,,20,1,31,1059,title length 83; description length 238; H1 count 2; 1/20 images missing alt,
https://brokeandfixed.com/es,200,https://brokeandfixed.com/es,"Broke & Fixed Home Solutions | Remodelacion de Cocinas y Banos, Pintura | Miami-Dade","Remodelacion de cocinas y banos, pintura interior y exterior, azulejos y reparaciones exteriores en Kendall, Pinecrest, Doral, Palmetto Bay y todo Miami-Dade. Empresa familiar, totalmente asegurada. Llame al 786-363-7039.",We fix what's broke. | We build what's next.,es,https://brokeandfixed.com/es,,,20,1,31,1068,title length 84; description length 221; H1 count 2; 1/20 images missing alt,
https://brokeandfixed.com/en/privacy,200,https://brokeandfixed.com/en/privacy,Privacy Notice | Broke & Fixed,How Broke & Fixed Home Solutions collects and uses information submitted through this site.,Privacy Notice,en,https://brokeandfixed.com/en/privacy,,,1,1,5,348,1/1 images missing alt,
https://brokeandfixed.com/es/privacy,200,https://brokeandfixed.com/es/privacy,Aviso de privacidad | Broke & Fixed,Cómo Broke & Fixed Home Solutions recopila y usa la información enviada en este sitio.,Aviso de privacidad,es,https://brokeandfixed.com/es/privacy,,,1,1,5,366,1/1 images missing alt,
https://brokeandfixed.com/en/terms,200,https://brokeandfixed.com/en/terms,Terms of Service | Broke & Fixed,"The terms that apply to using the Broke & Fixed Home Solutions website, published starting prices, and downloadable guides.",Terms of Service,en,https://brokeandfixed.com/en/terms,,,1,1,6,698,1/1 images missing alt,
https://brokeandfixed.com/es/terms,200,https://brokeandfixed.com/es/terms,Términos de servicio | Broke & Fixed,"Los términos que aplican al uso del sitio de Broke & Fixed Home Solutions, a los estimados publicados y a las guías descargables.",Términos de servicio,es,https://brokeandfixed.com/es/terms,,,1,1,6,718,1/1 images missing alt,
https://brokeandfixed.com/en/services/bathroom-remodeling,200,https://brokeandfixed.com/en/services/bathroom-remodeling,Bathroom Remodeling | Miami-Dade | Broke & Fixed Home Solutions,"We turn outdated bathrooms into modern, functional spaces your family will actually enjoy using. From tile and vanities to full gut renovations, we handle every step of the process right here in Miami-Dade. Serving 17 communities across Miami-Dade County. Call 786-363-7039 for a free estimate.",Bathroom Remodels That Actually Get Finished,en,https://brokeandfixed.com/en/services/bathroom-remodeling,,BreadcrumbList | Service | AggregateRating | FAQPage,32,1,30,2529,description length 294; hreflang incomplete; 1/32 images missing alt,
https://brokeandfixed.com/es/services/remodelacion-de-banos,200,https://brokeandfixed.com/es/services/remodelacion-de-banos,Remodelación de Baños | Miami-Dade | Broke & Fixed Home Solutions,"Transformamos baños anticuados en espacios modernos y funcionales que tu familia realmente disfrutará. Desde azulejos y vanidades hasta renovaciones completas, manejamos cada paso del proceso aquí en Miami-Dade. Serving 17 communities across Miami-Dade County. Call 786-363-7039 for a free estimate.",Remodelaciones de Baño Que Realmente Se Terminan,es,https://brokeandfixed.com/es/services/remodelacion-de-banos,,BreadcrumbList | Service | AggregateRating | FAQPage,32,1,30,2668,description length 299; hreflang incomplete; 1/32 images missing alt,
https://brokeandfixed.com/en/services/kitchen-remodeling,200,https://brokeandfixed.com/en/services/kitchen-remodeling,Kitchen Remodeling | Miami-Dade | Broke & Fixed Home Solutions,"Your kitchen is where everything happens. We remodel kitchens across Miami-Dade with new cabinets, countertops, backsplashes, and layouts that make the space work better for how you actually live. Serving 17 communities across Miami-Dade County. Call 786-363-7039 for a free estimate.",Kitchen Remodels Done Right the First Time,en,https://brokeandfixed.com/en/services/kitchen-remodeling,,BreadcrumbList | Service | AggregateRating | FAQPage,33,1,30,2519,description length 284; hreflang incomplete; 1/33 images missing alt,
https://brokeandfixed.com/es/services/remodelacion-de-cocinas,200,https://brokeandfixed.com/es/services/remodelacion-de-cocinas,Remodelación de Cocinas | Miami-Dade | Broke & Fixed Home Solutions,"Tu cocina es donde todo sucede. Remodelamos cocinas en todo Miami-Dade con nuevos gabinetes, encimeras, salpicaderos y distribuciones que hacen que el espacio funcione mejor para tu estilo de vida. Serving 17 communities across Miami-Dade County. Call 786-363-7039 for a free estimate.",Remodelaciones de Cocina Bien Hechas la Primera Vez,es,https://brokeandfixed.com/es/services/remodelacion-de-cocinas,,BreadcrumbList | Service | AggregateRating | FAQPage,33,1,30,2603,title length 67; description length 285; hreflang incomplete; 1/33 images missing alt,
https://brokeandfixed.com/en/services/interior-painting,200,https://brokeandfixed.com/en/services/interior-painting,Interior Painting | Miami-Dade | Broke & Fixed Home Solutions,"A fresh coat of paint changes everything. We prep surfaces the right way, protect your floors and furniture, and leave clean lines every time. We work with all kinds of homes across Miami-Dade. Serving 17 communities across Miami-Dade County. Call 786-363-7039 for a free estimate.","Interior Painting Done Like a Trade, Not a Side Hustle",en,https://brokeandfixed.com/en/services/interior-painting,,BreadcrumbList | Service | AggregateRating | FAQPage,31,1,30,2415,description length 281; hreflang incomplete; 1/31 images missing alt,
https://brokeandfixed.com/es/services/pintura-interior,200,https://brokeandfixed.com/es/services/pintura-interior,Pintura Interior | Miami-Dade | Broke & Fixed Home Solutions,"Una mano de pintura fresca lo cambia todo. Preparamos las superficies correctamente, protegemos tus pisos y muebles, y dejamos líneas limpias siempre. Trabajamos con todo tipo de hogares en Miami-Dade. Serving 17 communities across Miami-Dade County. Call 786-363-7039 for a free estimate.","Pintura Interior Hecha Como Oficio, No Trabajo Extra",es,https://brokeandfixed.com/es/services/pintura-interior,,BreadcrumbList | Service | AggregateRating | FAQPage,31,1,30,2390,description length 289; hreflang incomplete; 1/31 images missing alt,
https://brokeandfixed.com/en/services/exterior-painting,200,https://brokeandfixed.com/en/services/exterior-painting,Exterior Painting | Miami-Dade | Broke & Fixed Home Solutions,"South Florida weather is rough on paint. We pressure wash, scrape, prime, and apply coatings built to handle the heat, humidity, and rain. Your home's curb appeal matters and we take it seriously. Serving 17 communities across Miami-Dade County. Call 786-363-7039 for a free estimate.",Exterior Paint Built for South Florida Weather,en,https://brokeandfixed.com/en/services/exterior-painting,,BreadcrumbList | Service | AggregateRating | FAQPage,30,1,30,2378,description length 284; hreflang incomplete; 1/30 images missing alt,
https://brokeandfixed.com/es/services/pintura-exterior,200,https://brokeandfixed.com/es/services/pintura-exterior,Pintura Exterior | Miami-Dade | Broke & Fixed Home Solutions,"El clima del sur de Florida es duro con la pintura. Lavamos a presión, raspamos, aplicamos imprimante y usamos recubrimientos diseñados para el calor, la humedad y la lluvia. La apariencia de tu hogar importa y lo tomamos en serio. Serving 17 communities across Miami-Dade County. Call 786-363-7039 for a free estimate.",Pintura Exterior Construida para el Clima del Sur de Florida,es,https://brokeandfixed.com/es/services/pintura-exterior,,BreadcrumbList | Service | AggregateRating | FAQPage,30,1,30,2387,description length 319; hreflang incomplete; 1/30 images missing alt,
https://brokeandfixed.com/en/services/tile-work,200,https://brokeandfixed.com/en/services/tile-work,Tile Work | Miami-Dade | Broke & Fixed Home Solutions,"We install tile for floors, showers, backsplashes, and more. Porcelain, ceramic, natural stone, large format, whatever the material, we set it level, grouted tight, and built to last in Miami's climate. Serving 17 communities across Miami-Dade County. Call 786-363-7039 for a free estimate.","Tile Set Level, Grouted Tight, Built to Last",en,https://brokeandfixed.com/en/services/tile-work,,BreadcrumbList | Service | AggregateRating | FAQPage,31,1,30,2432,description length 290; hreflang incomplete; 1/31 images missing alt,
https://brokeandfixed.com/es/services/instalacion-de-pisos,200,https://brokeandfixed.com/es/services/instalacion-de-pisos,Instalación de Pisos | Miami-Dade | Broke & Fixed Home Solutions,"Instalamos azulejos para pisos, duchas, salpicaderos y más. Porcelanato, cerámica, piedra natural, formato grande, cualquiera que sea el material, lo colocamos nivelado, con juntas firmes y hecho para durar en el clima de Miami. Serving 17 communities across Miami-Dade County. Call 786-363-7039 for a free estimate.","Azulejo Nivelado, Lechada Firme, Hecho para Durar",es,https://brokeandfixed.com/es/services/instalacion-de-pisos,,BreadcrumbList | Service | AggregateRating | FAQPage,31,1,30,2370,description length 316; hreflang incomplete; 1/31 images missing alt,
https://brokeandfixed.com/en/services/exterior-repairs,200,https://brokeandfixed.com/en/services/exterior-repairs,Exterior Repairs | Miami-Dade | Broke & Fixed Home Solutions,"Cracked stucco, rotting fascia, damaged soffits, water intrusion issues. We fix the exterior problems that South Florida homes deal with constantly. Small repairs now save you from big bills later. Serving 17 communities across Miami-Dade County. Call 786-363-7039 for a free estimate.",Exterior Repairs That Stop Bigger Bills Later,en,https://brokeandfixed.com/en/services/exterior-repairs,,BreadcrumbList | Service | AggregateRating | FAQPage,29,1,30,2335,description length 285; hreflang incomplete; 1/29 images missing alt,
https://brokeandfixed.com/es/services/reparaciones-exteriores,200,https://brokeandfixed.com/es/services/reparaciones-exteriores,Reparaciones Exteriores | Miami-Dade | Broke & Fixed Home Solutions,"Estuco agrietado, fascia podrida, sofitos dañados, problemas de intrusión de agua. Reparamos los problemas exteriores que las casas del sur de Florida enfrentan constantemente. Reparaciones pequeñas ahora te ahorran facturas grandes después. Serving 17 communities across Miami-Dade County. Call 786-363-7039 for a free estimate.",Reparaciones Exteriores que Detienen Cuentas Mayores,es,https://brokeandfixed.com/es/services/reparaciones-exteriores,,BreadcrumbList | Service | AggregateRating | FAQPage,29,1,30,2338,title length 67; description length 329; hreflang incomplete; 1/29 images missing alt,
https://brokeandfixed.com/en/services/cabinet-refinishing,200,https://brokeandfixed.com/en/services/cabinet-refinishing,Cabinet Refinishing | Miami-Dade | Broke & Fixed Home Solutions,"If your kitchen cabinets are solid wood and the layout still works, refinishing gets you what looks like a new kitchen for a fraction of the cost. We strip, sand, prime, and spray with post-catalyzed lacquer or 2K polyurethane. The finish lasts 10 to 15 years and is more durable than what comes from the factory on most new cabinets. Serving 17 communities across Miami-Dade County. Call 786-363-7039 for a free estimate.",Cabinet Refinishing That Beats Factory Finishes,en,https://brokeandfixed.com/en/services/cabinet-refinishing,,BreadcrumbList | Service | AggregateRating | FAQPage,30,1,30,2468,description length 422; hreflang incomplete; 1/30 images missing alt,
https://brokeandfixed.com/es/services/renovacion-de-gabinetes,200,https://brokeandfixed.com/es/services/renovacion-de-gabinetes,Renovación de Gabinetes | Miami-Dade | Broke & Fixed Home Solutions,"Si los gabinetes de tu cocina son de madera sólida y la distribución todavía funciona, renovarlos te da lo que parece una cocina nueva por una fracción del costo. Quitamos el acabado, lijamos, aplicamos primer y rociamos con laca post-catalizada o poliuretano 2K. El acabado dura 10 a 15 años y es más duradero que el de fábrica en la mayoría de los gabinetes nuevos. Serving 17 communities across Miami-Dade County. Call 786-363-7039 for a free estimate.",Renovación de Gabinetes Que Supera Acabados de Fábrica,es,https://brokeandfixed.com/es/services/renovacion-de-gabinetes,,BreadcrumbList | Service | AggregateRating | FAQPage,30,1,30,2431,title length 67; description length 455; hreflang incomplete; 1/30 images missing alt,
https://brokeandfixed.com/en/locations/kendall,200,https://brokeandfixed.com/en/locations/kendall,"Home Remodeling in Kendall, FL | Broke & Fixed","Kitchen and bathroom remodeling, painting, and tile in Kendall, FL. Family owned, fully insured. Free estimates, fast response. Call (786) 363-7039.","Home Remodeling in Kendall, FL",en,https://brokeandfixed.com/en/locations/kendall,,BreadcrumbList | LocalBusiness,9,1,16,472,hreflang incomplete; 1/9 images missing alt,
https://brokeandfixed.com/es/locations/kendall,200,https://brokeandfixed.com/es/locations/kendall,"Remodelacion de Hogares en Kendall, FL | Broke & Fixed","Remodelacion de cocinas y banos, pintura y azulejos en Kendall, FL. Empresa familiar, totalmente asegurada. Presupuesto gratis. Llame al (786) 363-7039.","Remodelacion de Hogares en Kendall, FL",es,https://brokeandfixed.com/es/locations/kendall,,BreadcrumbList | LocalBusiness,9,1,16,483,hreflang incomplete; 1/9 images missing alt,
https://brokeandfixed.com/en/locations/west-kendall,200,https://brokeandfixed.com/en/locations/west-kendall,"Home Remodeling in West Kendall, FL | Broke & Fixed","Kitchen and bathroom remodeling, painting, and tile in West Kendall, FL. Family owned, fully insured. Free estimates, fast response. Call (786) 363-7039.","Home Remodeling in West Kendall, FL",en,https://brokeandfixed.com/en/locations/west-kendall,,BreadcrumbList | LocalBusiness,9,1,16,470,hreflang incomplete; 1/9 images missing alt,
https://brokeandfixed.com/es/locations/west-kendall,200,https://brokeandfixed.com/es/locations/west-kendall,"Remodelacion de Hogares en West Kendall, FL | Broke & Fixed","Remodelacion de cocinas y banos, pintura y azulejos en West Kendall, FL. Empresa familiar, totalmente asegurada. Presupuesto gratis. Llame al (786) 363-7039.","Remodelacion de Hogares en West Kendall, FL",es,https://brokeandfixed.com/es/locations/west-kendall,,BreadcrumbList | LocalBusiness,9,1,16,487,hreflang incomplete; 1/9 images missing alt,
https://brokeandfixed.com/en/locations/palmetto-bay,200,https://brokeandfixed.com/en/locations/palmetto-bay,"Home Remodeling in Palmetto Bay, FL | Broke & Fixed","Kitchen and bathroom remodeling, painting, and tile in Palmetto Bay, FL. Family owned, fully insured. Free estimates, fast response. Call (786) 363-7039.","Home Remodeling in Palmetto Bay, FL",en,https://brokeandfixed.com/en/locations/palmetto-bay,,BreadcrumbList | LocalBusiness,9,1,15,478,hreflang incomplete; 1/9 images missing alt,
https://brokeandfixed.com/es/locations/palmetto-bay,200,https://brokeandfixed.com/es/locations/palmetto-bay,"Remodelacion de Hogares en Palmetto Bay, FL | Broke & Fixed","Remodelacion de cocinas y banos, pintura y azulejos en Palmetto Bay, FL. Empresa familiar, totalmente asegurada. Presupuesto gratis. Llame al (786) 363-7039.","Remodelacion de Hogares en Palmetto Bay, FL",es,https://brokeandfixed.com/es/locations/palmetto-bay,,BreadcrumbList | LocalBusiness,9,1,15,487,hreflang incomplete; 1/9 images missing alt,
https://brokeandfixed.com/en/locations/doral,200,https://brokeandfixed.com/en/locations/doral,"Home Remodeling in Doral, FL | Broke & Fixed","Kitchen and bathroom remodeling, painting, and tile in Doral, FL. Family owned, fully insured. Free estimates, fast response. Call (786) 363-7039.","Home Remodeling in Doral, FL",en,https://brokeandfixed.com/en/locations/doral,,BreadcrumbList | LocalBusiness,9,1,15,460,hreflang incomplete; 1/9 images missing alt,
https://brokeandfixed.com/es/locations/doral,200,https://brokeandfixed.com/es/locations/doral,"Remodelacion de Hogares en Doral, FL | Broke & Fixed","Remodelacion de cocinas y banos, pintura y azulejos en Doral, FL. Empresa familiar, totalmente asegurada. Presupuesto gratis. Llame al (786) 363-7039.","Remodelacion de Hogares en Doral, FL",es,https://brokeandfixed.com/es/locations/doral,,BreadcrumbList | LocalBusiness,9,1,15,465,hreflang incomplete; 1/9 images missing alt,
https://brokeandfixed.com/en/locations/the-hammocks,200,https://brokeandfixed.com/en/locations/the-hammocks,"Home Remodeling in The Hammocks, FL | Broke & Fixed","Kitchen and bathroom remodeling, painting, and tile in The Hammocks, FL. Family owned, fully insured. Free estimates, fast response. Call (786) 363-7039.","Home Remodeling in The Hammocks, FL",en,https://brokeandfixed.com/en/locations/the-hammocks,,BreadcrumbList | LocalBusiness,9,1,15,482,hreflang incomplete; 1/9 images missing alt,
https://brokeandfixed.com/es/locations/the-hammocks,200,https://brokeandfixed.com/es/locations/the-hammocks,"Remodelacion de Hogares en The Hammocks, FL | Broke & Fixed","Remodelacion de cocinas y banos, pintura y azulejos en The Hammocks, FL. Empresa familiar, totalmente asegurada. Presupuesto gratis. Llame al (786) 363-7039.","Remodelacion de Hogares en The Hammocks, FL",es,https://brokeandfixed.com/es/locations/the-hammocks,,BreadcrumbList | LocalBusiness,9,1,15,487,hreflang incomplete; 1/9 images missing alt,
https://brokeandfixed.com/en/locations/the-crossings,200,https://brokeandfixed.com/en/locations/the-crossings,"Home Remodeling in The Crossings, FL | Broke & Fixed","Kitchen and bathroom remodeling, painting, and tile in The Crossings, FL. Family owned, fully insured. Free estimates, fast response. Call (786) 363-7039.","Home Remodeling in The Crossings, FL",en,https://brokeandfixed.com/en/locations/the-crossings,,BreadcrumbList | LocalBusiness,9,1,16,478,hreflang incomplete; 1/9 images missing alt,
https://brokeandfixed.com/es/locations/the-crossings,200,https://brokeandfixed.com/es/locations/the-crossings,"Remodelacion de Hogares en The Crossings, FL | Broke & Fixed","Remodelacion de cocinas y banos, pintura y azulejos en The Crossings, FL. Empresa familiar, totalmente asegurada. Presupuesto gratis. Llame al (786) 363-7039.","Remodelacion de Hogares en The Crossings, FL",es,https://brokeandfixed.com/es/locations/the-crossings,,BreadcrumbList | LocalBusiness,9,1,16,491,hreflang incomplete; 1/9 images missing alt,
https://brokeandfixed.com/en/locations/kendale-lakes,200,https://brokeandfixed.com/en/locations/kendale-lakes,"Home Remodeling in Kendale Lakes, FL | Broke & Fixed","Kitchen and bathroom remodeling, painting, and tile in Kendale Lakes, FL. Family owned, fully insured. Free estimates, fast response. Call (786) 363-7039.","Home Remodeling in Kendale Lakes, FL",en,https://brokeandfixed.com/en/locations/kendale-lakes,,BreadcrumbList | LocalBusiness,9,1,16,479,hreflang incomplete; 1/9 images missing alt,
https://brokeandfixed.com/es/locations/kendale-lakes,200,https://brokeandfixed.com/es/locations/kendale-lakes,"Remodelacion de Hogares en Kendale Lakes, FL | Broke & Fixed","Remodelacion de cocinas y banos, pintura y azulejos en Kendale Lakes, FL. Empresa familiar, totalmente asegurada. Presupuesto gratis. Llame al (786) 363-7039.","Remodelacion de Hogares en Kendale Lakes, FL",es,https://brokeandfixed.com/es/locations/kendale-lakes,,BreadcrumbList | LocalBusiness,9,1,16,488,hreflang incomplete; 1/9 images missing alt,
https://brokeandfixed.com/en/locations/sweetwater,200,https://brokeandfixed.com/en/locations/sweetwater,"Home Remodeling in Sweetwater, FL | Broke & Fixed","Kitchen and bathroom remodeling, painting, and tile in Sweetwater, FL. Family owned, fully insured. Free estimates, fast response. Call (786) 363-7039.","Home Remodeling in Sweetwater, FL",en,https://brokeandfixed.com/en/locations/sweetwater,,BreadcrumbList | LocalBusiness,9,1,15,461,hreflang incomplete; 1/9 images missing alt,
https://brokeandfixed.com/es/locations/sweetwater,200,https://brokeandfixed.com/es/locations/sweetwater,"Remodelacion de Hogares en Sweetwater, FL | Broke & Fixed","Remodelacion de cocinas y banos, pintura y azulejos en Sweetwater, FL. Empresa familiar, totalmente asegurada. Presupuesto gratis. Llame al (786) 363-7039.","Remodelacion de Hogares en Sweetwater, FL",es,https://brokeandfixed.com/es/locations/sweetwater,,BreadcrumbList | LocalBusiness,9,1,15,480,hreflang incomplete; 1/9 images missing alt,
https://brokeandfixed.com/en/locations/cutler-bay,200,https://brokeandfixed.com/en/locations/cutler-bay,"Home Remodeling in Cutler Bay, FL | Broke & Fixed","Kitchen and bathroom remodeling, painting, and tile in Cutler Bay, FL. Family owned, fully insured. Free estimates, fast response. Call (786) 363-7039.","Home Remodeling in Cutler Bay, FL",en,https://brokeandfixed.com/en/locations/cutler-bay,,BreadcrumbList | LocalBusiness,9,1,15,474,hreflang incomplete; 1/9 images missing alt,
https://brokeandfixed.com/es/locations/cutler-bay,200,https://brokeandfixed.com/es/locations/cutler-bay,"Remodelacion de Hogares en Cutler Bay, FL | Broke & Fixed","Remodelacion de cocinas y banos, pintura y azulejos en Cutler Bay, FL. Empresa familiar, totalmente asegurada. Presupuesto gratis. Llame al (786) 363-7039.","Remodelacion de Hogares en Cutler Bay, FL",es,https://brokeandfixed.com/es/locations/cutler-bay,,BreadcrumbList | LocalBusiness,9,1,15,487,hreflang incomplete; 1/9 images missing alt,
https://brokeandfixed.com/en/locations/pinecrest,200,https://brokeandfixed.com/en/locations/pinecrest,"Home Remodeling in Pinecrest, FL | Broke & Fixed","Kitchen and bathroom remodeling, painting, and tile in Pinecrest, FL. Family owned, fully insured. Free estimates, fast response. Call (786) 363-7039.","Home Remodeling in Pinecrest, FL",en,https://brokeandfixed.com/en/locations/pinecrest,,BreadcrumbList | LocalBusiness,9,1,16,474,hreflang incomplete; 1/9 images missing alt,
https://brokeandfixed.com/es/locations/pinecrest,200,https://brokeandfixed.com/es/locations/pinecrest,"Remodelacion de Hogares en Pinecrest, FL | Broke & Fixed","Remodelacion de cocinas y banos, pintura y azulejos en Pinecrest, FL. Empresa familiar, totalmente asegurada. Presupuesto gratis. Llame al (786) 363-7039.","Remodelacion de Hogares en Pinecrest, FL",es,https://brokeandfixed.com/es/locations/pinecrest,,BreadcrumbList | LocalBusiness,9,1,16,487,hreflang incomplete; 1/9 images missing alt,
https://brokeandfixed.com/en/locations/south-miami,200,https://brokeandfixed.com/en/locations/south-miami,"Home Remodeling in South Miami, FL | Broke & Fixed","Kitchen and bathroom remodeling, painting, and tile in South Miami, FL. Family owned, fully insured. Free estimates, fast response. Call (786) 363-7039.","Home Remodeling in South Miami, FL",en,https://brokeandfixed.com/en/locations/south-miami,,BreadcrumbList | LocalBusiness,9,1,16,480,hreflang incomplete; 1/9 images missing alt,
https://brokeandfixed.com/es/locations/south-miami,200,https://brokeandfixed.com/es/locations/south-miami,"Remodelacion de Hogares en South Miami, FL | Broke & Fixed","Remodelacion de cocinas y banos, pintura y azulejos en South Miami, FL. Empresa familiar, totalmente asegurada. Presupuesto gratis. Llame al (786) 363-7039.","Remodelacion de Hogares en South Miami, FL",es,https://brokeandfixed.com/es/locations/south-miami,,BreadcrumbList | LocalBusiness,9,1,16,487,hreflang incomplete; 1/9 images missing alt,
https://brokeandfixed.com/en/locations/south-miami-heights,200,https://brokeandfixed.com/en/locations/south-miami-heights,"Home Remodeling in South Miami Heights, FL | Broke & Fixed","Kitchen and bathroom remodeling, painting, and tile in South Miami Heights, FL. Family owned, fully insured. Free estimates, fast response. Call (786) 363-7039.","Home Remodeling in South Miami Heights, FL",en,https://brokeandfixed.com/en/locations/south-miami-heights,,BreadcrumbList | LocalBusiness,9,1,16,483,hreflang incomplete; 1/9 images missing alt,
https://brokeandfixed.com/es/locations/south-miami-heights,200,https://brokeandfixed.com/es/locations/south-miami-heights,"Remodelacion de Hogares en South Miami Heights, FL | Broke & Fixed","Remodelacion de cocinas y banos, pintura y azulejos en South Miami Heights, FL. Empresa familiar, totalmente asegurada. Presupuesto gratis. Llame al (786) 363-7039.","Remodelacion de Hogares en South Miami Heights, FL",es,https://brokeandfixed.com/es/locations/south-miami-heights,,BreadcrumbList | LocalBusiness,9,1,16,500,title length 66; hreflang incomplete; 1/9 images missing alt,
https://brokeandfixed.com/en/locations/miami-gardens,200,https://brokeandfixed.com/en/locations/miami-gardens,"Home Remodeling in Miami Gardens, FL | Broke & Fixed","Kitchen and bathroom remodeling, painting, and tile in Miami Gardens, FL. Family owned, fully insured. Free estimates, fast response. Call (786) 363-7039.","Home Remodeling in Miami Gardens, FL",en,https://brokeandfixed.com/en/locations/miami-gardens,,BreadcrumbList | LocalBusiness,9,1,13,468,hreflang incomplete; 1/9 images missing alt,
https://brokeandfixed.com/es/locations/miami-gardens,200,https://brokeandfixed.com/es/locations/miami-gardens,"Remodelacion de Hogares en Miami Gardens, FL | Broke & Fixed","Remodelacion de cocinas y banos, pintura y azulejos en Miami Gardens, FL. Empresa familiar, totalmente asegurada. Presupuesto gratis. Llame al (786) 363-7039.","Remodelacion de Hogares en Miami Gardens, FL",es,https://brokeandfixed.com/es/locations/miami-gardens,,BreadcrumbList | LocalBusiness,9,1,13,479,hreflang incomplete; 1/9 images missing alt,
https://brokeandfixed.com/en/locations/westchester,200,https://brokeandfixed.com/en/locations/westchester,"Home Remodeling in Westchester, FL | Broke & Fixed","Kitchen and bathroom remodeling, painting, and tile in Westchester, FL. Family owned, fully insured. Free estimates, fast response. Call (786) 363-7039.","Home Remodeling in Westchester, FL",en,https://brokeandfixed.com/en/locations/westchester,,BreadcrumbList | LocalBusiness,9,1,16,466,hreflang incomplete; 1/9 images missing alt,
https://brokeandfixed.com/es/locations/westchester,200,https://brokeandfixed.com/es/locations/westchester,"Remodelacion de Hogares en Westchester, FL | Broke & Fixed","Remodelacion de cocinas y banos, pintura y azulejos en Westchester, FL. Empresa familiar, totalmente asegurada. Presupuesto gratis. Llame al (786) 363-7039.","Remodelacion de Hogares en Westchester, FL",es,https://brokeandfixed.com/es/locations/westchester,,BreadcrumbList | LocalBusiness,9,1,16,479,hreflang incomplete; 1/9 images missing alt,
https://brokeandfixed.com/en/locations/coral-gables,200,https://brokeandfixed.com/en/locations/coral-gables,"Home Remodeling in Coral Gables, FL | Broke & Fixed","Kitchen and bathroom remodeling, painting, and tile in Coral Gables, FL. Family owned, fully insured. Free estimates, fast response. Call (786) 363-7039.","Home Remodeling in Coral Gables, FL",en,https://brokeandfixed.com/en/locations/coral-gables,,BreadcrumbList | LocalBusiness,9,1,16,476,hreflang incomplete; 1/9 images missing alt,
https://brokeandfixed.com/es/locations/coral-gables,200,https://brokeandfixed.com/es/locations/coral-gables,"Remodelacion de Hogares en Coral Gables, FL | Broke & Fixed","Remodelacion de cocinas y banos, pintura y azulejos en Coral Gables, FL. Empresa familiar, totalmente asegurada. Presupuesto gratis. Llame al (786) 363-7039.","Remodelacion de Hogares en Coral Gables, FL",es,https://brokeandfixed.com/es/locations/coral-gables,,BreadcrumbList | LocalBusiness,9,1,16,479,hreflang incomplete; 1/9 images missing alt,
https://brokeandfixed.com/en/locations/country-walk,200,https://brokeandfixed.com/en/locations/country-walk,"Home Remodeling in Country Walk, FL | Broke & Fixed","Kitchen and bathroom remodeling, painting, and tile in Country Walk, FL. Family owned, fully insured. Free estimates, fast response. Call (786) 363-7039.","Home Remodeling in Country Walk, FL",en,https://brokeandfixed.com/en/locations/country-walk,,BreadcrumbList | LocalBusiness,9,1,16,486,hreflang incomplete; 1/9 images missing alt,
https://brokeandfixed.com/es/locations/country-walk,200,https://brokeandfixed.com/es/locations/country-walk,"Remodelacion de Hogares en Country Walk, FL | Broke & Fixed","Remodelacion de cocinas y banos, pintura y azulejos en Country Walk, FL. Empresa familiar, totalmente asegurada. Presupuesto gratis. Llame al (786) 363-7039.","Remodelacion de Hogares en Country Walk, FL",es,https://brokeandfixed.com/es/locations/country-walk,,BreadcrumbList | LocalBusiness,9,1,16,503,hreflang incomplete; 1/9 images missing alt,
https://brokeandfixed.com/en/locations/coconut-grove,200,https://brokeandfixed.com/en/locations/coconut-grove,"Home Remodeling in Coconut Grove, FL | Broke & Fixed","Kitchen and bathroom remodeling, painting, and tile in Coconut Grove, FL. Family owned, fully insured. Free estimates, fast response. Call (786) 363-7039.","Home Remodeling in Coconut Grove, FL",en,https://brokeandfixed.com/en/locations/coconut-grove,,BreadcrumbList | LocalBusiness,9,1,14,466,hreflang incomplete; 1/9 images missing alt,
https://brokeandfixed.com/es/locations/coconut-grove,200,https://brokeandfixed.com/es/locations/coconut-grove,"Remodelacion de Hogares en Coconut Grove, FL | Broke & Fixed","Remodelacion de cocinas y banos, pintura y azulejos en Coconut Grove, FL. Empresa familiar, totalmente asegurada. Presupuesto gratis. Llame al (786) 363-7039.","Remodelacion de Hogares en Coconut Grove, FL",es,https://brokeandfixed.com/es/locations/coconut-grove,,BreadcrumbList | LocalBusiness,9,1,14,479,hreflang incomplete; 1/9 images missing alt,
https://brokeandfixed.com/en/services/bathroom-remodeling/kendall,200,https://brokeandfixed.com/en/services/bathroom-remodeling/kendall,"Bathroom Remodeling in Kendall, FL | Broke & Fixed","Bathroom remodeling in Kendall, FL. Walk-in showers, vanities, tile work, and full gut remodels. Call Broke and Fixed 305 for a free estimate.","Bathroom Remodeling | in | Kendall | , | FL",en,https://brokeandfixed.com/en/services/bathroom-remodeling/kendall,,Service | LocalBusiness | FAQPage | BreadcrumbList,6,1,18,812,H1 count 5; 1/6 images missing alt,
https://brokeandfixed.com/es/services/remodelacion-de-banos/kendall,200,https://brokeandfixed.com/es/services/remodelacion-de-banos/kendall,"Remodelación de Baños en Kendall, FL | Broke & Fixed","Remodelación de Baños en Kendall, FL. Transformamos baños anticuados en espacios modernos y funcionales que tu familia realmente disfrutará. Desde azulejos y vanidades hasta renovaciones completas, manejamos cada paso del proceso aquí en Miami-Dade. Llame al 786-363-7039 para un presupuesto gratis.","Remodelación de Baños | en | Kendall | , | FL",es,https://brokeandfixed.com/es/services/remodelacion-de-banos/kendall,,Service | LocalBusiness | FAQPage | BreadcrumbList,6,1,18,838,description length 299; H1 count 5; 1/6 images missing alt,
https://brokeandfixed.com/en/services/bathroom-remodeling/west-kendall,200,https://brokeandfixed.com/en/services/bathroom-remodeling/west-kendall,"Bathroom Remodeling in West Kendall, FL | Broke & Fixed","West Kendall bathroom remodeling. Garden tub to shower conversions, tile upgrades, and full renovations. Free estimates from Broke and Fixed 305.","Bathroom Remodeling | in | West Kendall | , | FL",en,https://brokeandfixed.com/en/services/bathroom-remodeling/west-kendall,,Service | LocalBusiness | FAQPage | BreadcrumbList,6,1,18,762,H1 count 5; 1/6 images missing alt,
https://brokeandfixed.com/es/services/remodelacion-de-banos/west-kendall,200,https://brokeandfixed.com/es/services/remodelacion-de-banos/west-kendall,"Remodelación de Baños en West Kendall, FL | Broke & Fixed","Remodelación de Baños en West Kendall, FL. Transformamos baños anticuados en espacios modernos y funcionales que tu familia realmente disfrutará. Desde azulejos y vanidades hasta renovaciones completas, manejamos cada paso del proceso aquí en Miami-Dade. Llame al 786-363-7039 para un presupuesto gratis.","Remodelación de Baños | en | West Kendall | , | FL",es,https://brokeandfixed.com/es/services/remodelacion-de-banos/west-kendall,,Service | LocalBusiness | FAQPage | BreadcrumbList,6,1,18,788,description length 304; H1 count 5; 1/6 images missing alt,
https://brokeandfixed.com/en/services/bathroom-remodeling/palmetto-bay,200,https://brokeandfixed.com/en/services/bathroom-remodeling/palmetto-bay,"Bathroom Remodeling in Palmetto Bay, FL | Broke & Fixed","Palmetto Bay bathroom remodeling with premium tile, custom vanities, and walk-in showers. Quality work for quality homes. Call Broke and Fixed 305.","Bathroom Remodeling | in | Palmetto Bay | , | FL",en,https://brokeandfixed.com/en/services/bathroom-remodeling/palmetto-bay,,Service | LocalBusiness | FAQPage | BreadcrumbList,6,1,17,751,H1 count 5; 1/6 images missing alt,
https://brokeandfixed.com/es/services/remodelacion-de-banos/palmetto-bay,200,https://brokeandfixed.com/es/services/remodelacion-de-banos/palmetto-bay,"Remodelación de Baños en Palmetto Bay, FL | Broke & Fixed","Remodelación de Baños en Palmetto Bay, FL. Transformamos baños anticuados en espacios modernos y funcionales que tu familia realmente disfrutará. Desde azulejos y vanidades hasta renovaciones completas, manejamos cada paso del proceso aquí en Miami-Dade. Llame al 786-363-7039 para un presupuesto gratis.","Remodelación de Baños | en | Palmetto Bay | , | FL",es,https://brokeandfixed.com/es/services/remodelacion-de-banos/palmetto-bay,,Service | LocalBusiness | FAQPage | BreadcrumbList,6,1,17,777,description length 304; H1 count 5; 1/6 images missing alt,
https://brokeandfixed.com/en/services/bathroom-remodeling/doral,200,https://brokeandfixed.com/en/services/bathroom-remodeling/doral,"Bathroom Remodeling in Doral, FL | Broke & Fixed","Bathroom remodeling in Doral, FL. Condo and home renovations with quality tile, vanities, and fixtures. Get a free quote from Broke and Fixed 305.","Bathroom Remodeling | in | Doral | , | FL",en,https://brokeandfixed.com/en/services/bathroom-remodeling/doral,,Service | LocalBusiness | FAQPage | BreadcrumbList,6,1,17,797,H1 count 5; 1/6 images missing alt,
https://brokeandfixed.com/es/services/remodelacion-de-banos/doral,200,https://brokeandfixed.com/es/services/remodelacion-de-banos/doral,"Remodelación de Baños en Doral, FL | Broke & Fixed","Remodelación de Baños en Doral, FL. Transformamos baños anticuados en espacios modernos y funcionales que tu familia realmente disfrutará. Desde azulejos y vanidades hasta renovaciones completas, manejamos cada paso del proceso aquí en Miami-Dade. Llame al 786-363-7039 para un presupuesto gratis.","Remodelación de Baños | en | Doral | , | FL",es,https://brokeandfixed.com/es/services/remodelacion-de-banos/doral,,Service | LocalBusiness | FAQPage | BreadcrumbList,6,1,17,823,description length 297; H1 count 5; 1/6 images missing alt,
https://brokeandfixed.com/en/services/bathroom-remodeling/the-hammocks,200,https://brokeandfixed.com/en/services/bathroom-remodeling/the-hammocks,"Bathroom Remodeling in The Hammocks, FL | Broke & Fixed","Bathroom remodeling in The Hammocks, West Kendall Miami. Garden-tub-to-walk-in-shower conversions, porcelain tile, floating vanities. Free estimates.","Bathroom Remodeling | in | The Hammocks | , | FL",en,https://brokeandfixed.com/en/services/bathroom-remodeling/the-hammocks,,Service | LocalBusiness | FAQPage | BreadcrumbList,6,1,17,2322,H1 count 5; 1/6 images missing alt,
https://brokeandfixed.com/es/services/remodelacion-de-banos/the-hammocks,200,https://brokeandfixed.com/es/services/remodelacion-de-banos/the-hammocks,"Remodelación de Baños en The Hammocks, FL | Broke & Fixed","Remodelacion de banos en The Hammocks, West Kendall Miami. Conversiones de banera a ducha sin escalon, losa de porcelana, gabinetes. Estimados gratis.","Remodelación de Baños | en | The Hammocks | , | FL",es,https://brokeandfixed.com/es/services/remodelacion-de-banos/the-hammocks,,Service | LocalBusiness | FAQPage | BreadcrumbList,6,1,17,2486,H1 count 5; 1/6 images missing alt,
https://brokeandfixed.com/en/services/bathroom-remodeling/the-crossings,200,https://brokeandfixed.com/en/services/bathroom-remodeling/the-crossings,"Bathroom Remodeling in The Crossings, FL | Broke & Fixed","Bathroom remodeling in The Crossings, FL. Replace outdated 80s bathrooms with modern tile, vanities, and showers. Free estimates from Broke and Fixed 305.","Bathroom Remodeling | in | The Crossings | , | FL",en,https://brokeandfixed.com/en/services/bathroom-remodeling/the-crossings,,Service | LocalBusiness | FAQPage | BreadcrumbList,6,1,18,743,H1 count 5; 1/6 images missing alt,
https://brokeandfixed.com/es/services/remodelacion-de-banos/the-crossings,200,https://brokeandfixed.com/es/services/remodelacion-de-banos/the-crossings,"Remodelación de Baños en The Crossings, FL | Broke & Fixed","Remodelación de Baños en The Crossings, FL. Transformamos baños anticuados en espacios modernos y funcionales que tu familia realmente disfrutará. Desde azulejos y vanidades hasta renovaciones completas, manejamos cada paso del proceso aquí en Miami-Dade. Llame al 786-363-7039 para un presupuesto gratis.","Remodelación de Baños | en | The Crossings | , | FL",es,https://brokeandfixed.com/es/services/remodelacion-de-banos/the-crossings,,Service | LocalBusiness | FAQPage | BreadcrumbList,6,1,18,769,description length 305; H1 count 5; 1/6 images missing alt,
https://brokeandfixed.com/en/services/bathroom-remodeling/kendale-lakes,200,https://brokeandfixed.com/en/services/bathroom-remodeling/kendale-lakes,"Bathroom Remodeling in Kendale Lakes, FL | Broke & Fixed",Kendale Lakes bathroom remodeling. Budget-friendly upgrades with quality tile and vanities. Call Broke and Fixed 305 for your free estimate today.,"Bathroom Remodeling | in | Kendale Lakes | , | FL",en,https://brokeandfixed.com/en/services/bathroom-remodeling/kendale-lakes,,Service | LocalBusiness | FAQPage | BreadcrumbList,6,1,18,748,H1 count 5; 1/6 images missing alt,
https://brokeandfixed.com/es/services/remodelacion-de-banos/kendale-lakes,200,https://brokeandfixed.com/es/services/remodelacion-de-banos/kendale-lakes,"Remodelación de Baños en Kendale Lakes, FL | Broke & Fixed","Remodelación de Baños en Kendale Lakes, FL. Transformamos baños anticuados en espacios modernos y funcionales que tu familia realmente disfrutará. Desde azulejos y vanidades hasta renovaciones completas, manejamos cada paso del proceso aquí en Miami-Dade. Llame al 786-363-7039 para un presupuesto gratis.","Remodelación de Baños | en | Kendale Lakes | , | FL",es,https://brokeandfixed.com/es/services/remodelacion-de-banos/kendale-lakes,,Service | LocalBusiness | FAQPage | BreadcrumbList,6,1,18,774,description length 305; H1 count 5; 1/6 images missing alt,
https://brokeandfixed.com/en/services/bathroom-remodeling/sweetwater,200,https://brokeandfixed.com/en/services/bathroom-remodeling/sweetwater,"Bathroom Remodeling in Sweetwater, FL | Broke & Fixed","Sweetwater bathroom remodeling for homeowners and landlords. Durable tile, modern vanities, fast turnaround. Call Broke and Fixed 305 for a quote.","Bathroom Remodeling | in | Sweetwater | , | FL",en,https://brokeandfixed.com/en/services/bathroom-remodeling/sweetwater,,Service | LocalBusiness | FAQPage | BreadcrumbList,6,1,17,693,H1 count 5; 1/6 images missing alt,
https://brokeandfixed.com/es/services/remodelacion-de-banos/sweetwater,200,https://brokeandfixed.com/es/services/remodelacion-de-banos/sweetwater,"Remodelación de Baños en Sweetwater, FL | Broke & Fixed","Remodelación de Baños en Sweetwater, FL. Transformamos baños anticuados en espacios modernos y funcionales que tu familia realmente disfrutará. Desde azulejos y vanidades hasta renovaciones completas, manejamos cada paso del proceso aquí en Miami-Dade. Llame al 786-363-7039 para un presupuesto gratis.","Remodelación de Baños | en | Sweetwater | , | FL",es,https://brokeandfixed.com/es/services/remodelacion-de-banos/sweetwater,,Service | LocalBusiness | FAQPage | BreadcrumbList,6,1,17,719,description length 302; H1 count 5; 1/6 images missing alt,
https://brokeandfixed.com/en/services/bathroom-remodeling/cutler-bay,200,https://brokeandfixed.com/en/services/bathroom-remodeling/cutler-bay,"Bathroom Remodeling in Cutler Bay, FL | Broke & Fixed",Cutler Bay bathroom remodeling with extra attention to waterproofing and moisture. Quality tile and vanities. Free estimates from Broke and Fixed 305.,"Bathroom Remodeling | in | Cutler Bay | , | FL",en,https://brokeandfixed.com/en/services/bathroom-remodeling/cutler-bay,,Service | LocalBusiness | FAQPage | BreadcrumbList,6,1,17,732,H1 count 5; 1/6 images missing alt,
https://brokeandfixed.com/es/services/remodelacion-de-banos/cutler-bay,200,https://brokeandfixed.com/es/services/remodelacion-de-banos/cutler-bay,"Remodelación de Baños en Cutler Bay, FL | Broke & Fixed","Remodelación de Baños en Cutler Bay, FL. Transformamos baños anticuados en espacios modernos y funcionales que tu familia realmente disfrutará. Desde azulejos y vanidades hasta renovaciones completas, manejamos cada paso del proceso aquí en Miami-Dade. Llame al 786-363-7039 para un presupuesto gratis.","Remodelación de Baños | en | Cutler Bay | , | FL",es,https://brokeandfixed.com/es/services/remodelacion-de-banos/cutler-bay,,Service | LocalBusiness | FAQPage | BreadcrumbList,6,1,17,758,description length 302; H1 count 5; 1/6 images missing alt,
https://brokeandfixed.com/en/services/bathroom-remodeling/pinecrest,200,https://brokeandfixed.com/en/services/bathroom-remodeling/pinecrest,"Bathroom Remodeling in Pinecrest, FL | Broke & Fixed","Premium bathroom remodeling in Pinecrest. Custom showers, natural stone, luxury vanities. Broke and Fixed 305 delivers the quality Pinecrest expects.","Bathroom Remodeling | in | Pinecrest | , | FL",en,https://brokeandfixed.com/en/services/bathroom-remodeling/pinecrest,,Service | LocalBusiness | FAQPage | BreadcrumbList,6,1,18,798,H1 count 5; 1/6 images missing alt,
https://brokeandfixed.com/es/services/remodelacion-de-banos/pinecrest,200,https://brokeandfixed.com/es/services/remodelacion-de-banos/pinecrest,"Remodelación de Baños en Pinecrest, FL | Broke & Fixed","Remodelación de Baños en Pinecrest, FL. Transformamos baños anticuados en espacios modernos y funcionales que tu familia realmente disfrutará. Desde azulejos y vanidades hasta renovaciones completas, manejamos cada paso del proceso aquí en Miami-Dade. Llame al 786-363-7039 para un presupuesto gratis.","Remodelación de Baños | en | Pinecrest | , | FL",es,https://brokeandfixed.com/es/services/remodelacion-de-banos/pinecrest,,Service | LocalBusiness | FAQPage | BreadcrumbList,6,1,18,824,description length 301; H1 count 5; 1/6 images missing alt,
https://brokeandfixed.com/en/services/bathroom-remodeling/south-miami,200,https://brokeandfixed.com/en/services/bathroom-remodeling/south-miami,"Bathroom Remodeling in South Miami, FL | Broke & Fixed",South Miami bathroom remodeling that respects your home's character. Vintage charm meets modern function. Call Broke and Fixed 305 for a free estimate.,"Bathroom Remodeling | in | South Miami | , | FL",en,https://brokeandfixed.com/en/services/bathroom-remodeling/south-miami,,Service | LocalBusiness | FAQPage | BreadcrumbList,6,1,18,744,H1 count 5; 1/6 images missing alt,
https://brokeandfixed.com/es/services/remodelacion-de-banos/south-miami,200,https://brokeandfixed.com/es/services/remodelacion-de-banos/south-miami,"Remodelación de Baños en South Miami, FL | Broke & Fixed","Remodelación de Baños en South Miami, FL. Transformamos baños anticuados en espacios modernos y funcionales que tu familia realmente disfrutará. Desde azulejos y vanidades hasta renovaciones completas, manejamos cada paso del proceso aquí en Miami-Dade. Llame al 786-363-7039 para un presupuesto gratis.","Remodelación de Baños | en | South Miami | , | FL",es,https://brokeandfixed.com/es/services/remodelacion-de-banos/south-miami,,Service | LocalBusiness | FAQPage | BreadcrumbList,6,1,18,770,description length 303; H1 count 5; 1/6 images missing alt,
https://brokeandfixed.com/en/services/bathroom-remodeling/south-miami-heights,200,https://brokeandfixed.com/en/services/bathroom-remodeling/south-miami-heights,"Bathroom Remodeling in South Miami Heights, FL | Broke & Fixed","Bathroom remodeling in South Miami Heights, Miami. Walk-in showers, vanities, tile, and pipe replacement by a family-owned, fully insured crew. Free estimate.","Bathroom Remodeling | in | South Miami Heights | , | FL",en,https://brokeandfixed.com/en/services/bathroom-remodeling/south-miami-heights,,Service | LocalBusiness | FAQPage | BreadcrumbList,6,1,18,2142,H1 count 5; 1/6 images missing alt,
https://brokeandfixed.com/es/services/remodelacion-de-banos/south-miami-heights,200,https://brokeandfixed.com/es/services/remodelacion-de-banos/south-miami-heights,"Remodelación de Baños en South Miami Heights, FL | Broke & Fixed","Remodelacion de banos en South Miami Heights, Miami. Duchas, gabinetes, loza y cambio de tuberias viejas con un equipo familiar y asegurado. Estimado gratis.","Remodelación de Baños | en | South Miami Heights | , | FL",es,https://brokeandfixed.com/es/services/remodelacion-de-banos/south-miami-heights,,Service | LocalBusiness | FAQPage | BreadcrumbList,6,1,18,2306,H1 count 5; 1/6 images missing alt,
https://brokeandfixed.com/en/services/bathroom-remodeling/miami-gardens,200,https://brokeandfixed.com/en/services/bathroom-remodeling/miami-gardens,"Bathroom Remodeling in Miami Gardens, FL | Broke & Fixed","Miami Gardens bathroom remodeling. Full gut renovations, new tile, vanities, and plumbing. Get a free estimate from Broke and Fixed 305 today.","Bathroom Remodeling | in | Miami Gardens | , | FL",en,https://brokeandfixed.com/en/services/bathroom-remodeling/miami-gardens,,Service | LocalBusiness | FAQPage | BreadcrumbList,6,1,15,738,H1 count 5; 1/6 images missing alt,
https://brokeandfixed.com/es/services/remodelacion-de-banos/miami-gardens,200,https://brokeandfixed.com/es/services/remodelacion-de-banos/miami-gardens,"Remodelación de Baños en Miami Gardens, FL | Broke & Fixed","Remodelación de Baños en Miami Gardens, FL. Transformamos baños anticuados en espacios modernos y funcionales que tu familia realmente disfrutará. Desde azulejos y vanidades hasta renovaciones completas, manejamos cada paso del proceso aquí en Miami-Dade. Llame al 786-363-7039 para un presupuesto gratis.","Remodelación de Baños | en | Miami Gardens | , | FL",es,https://brokeandfixed.com/es/services/remodelacion-de-banos/miami-gardens,,Service | LocalBusiness | FAQPage | BreadcrumbList,6,1,15,764,description length 305; H1 count 5; 1/6 images missing alt,
https://brokeandfixed.com/en/services/bathroom-remodeling/westchester,200,https://brokeandfixed.com/en/services/bathroom-remodeling/westchester,"Bathroom Remodeling in Westchester, FL | Broke & Fixed","Bathroom remodeling in Westchester, Miami (33144, 33165). Family owned, fully insured. Gut remodels, walk-in showers, old plumbing replaced. Free estimates.","Bathroom Remodeling | in | Westchester | , | FL",en,https://brokeandfixed.com/en/services/bathroom-remodeling/westchester,,Service | LocalBusiness | FAQPage | BreadcrumbList,6,1,18,2124,H1 count 5; 1/6 images missing alt,
https://brokeandfixed.com/es/services/remodelacion-de-banos/westchester,200,https://brokeandfixed.com/es/services/remodelacion-de-banos/westchester,"Remodelación de Baños en Westchester, FL | Broke & Fixed","Remodelacion de baños en Westchester, Miami (33144, 33165). Empresa de familia, asegurada. Duchas walk-in, plomeria vieja cambiada. Estimados gratis hoy.","Remodelación de Baños | en | Westchester | , | FL",es,https://brokeandfixed.com/es/services/remodelacion-de-banos/westchester,,Service | LocalBusiness | FAQPage | BreadcrumbList,6,1,18,2250,H1 count 5; 1/6 images missing alt,
https://brokeandfixed.com/en/services/bathroom-remodeling/coral-gables,200,https://brokeandfixed.com/en/services/bathroom-remodeling/coral-gables,"Bathroom Remodeling in Coral Gables, FL | Broke & Fixed","Coral Gables bathroom remodeling that meets historic standards. Natural stone, custom vanities, and premium fixtures. Call Broke and Fixed 305 today.","Bathroom Remodeling | in | Coral Gables | , | FL",en,https://brokeandfixed.com/en/services/bathroom-remodeling/coral-gables,,Service | LocalBusiness | FAQPage | BreadcrumbList,6,1,18,808,H1 count 5; 1/6 images missing alt,
https://brokeandfixed.com/es/services/remodelacion-de-banos/coral-gables,200,https://brokeandfixed.com/es/services/remodelacion-de-banos/coral-gables,"Remodelación de Baños en Coral Gables, FL | Broke & Fixed","Remodelación de Baños en Coral Gables, FL. Transformamos baños anticuados en espacios modernos y funcionales que tu familia realmente disfrutará. Desde azulejos y vanidades hasta renovaciones completas, manejamos cada paso del proceso aquí en Miami-Dade. Llame al 786-363-7039 para un presupuesto gratis.","Remodelación de Baños | en | Coral Gables | , | FL",es,https://brokeandfixed.com/es/services/remodelacion-de-banos/coral-gables,,Service | LocalBusiness | FAQPage | BreadcrumbList,6,1,18,834,description length 304; H1 count 5; 1/6 images missing alt,
https://brokeandfixed.com/en/services/bathroom-remodeling/country-walk,200,https://brokeandfixed.com/en/services/bathroom-remodeling/country-walk,"Bathroom Remodeling in Country Walk, FL | Broke & Fixed","Country Walk bathroom remodeling. Replace builder-grade finishes with quality tile, solid vanities, and real fixtures. Call Broke and Fixed 305 today.","Bathroom Remodeling | in | Country Walk | , | FL",en,https://brokeandfixed.com/en/services/bathroom-remodeling/country-walk,,Service | LocalBusiness | FAQPage | BreadcrumbList,6,1,18,754,H1 count 5; 1/6 images missing alt,
https://brokeandfixed.com/es/services/remodelacion-de-banos/country-walk,200,https://brokeandfixed.com/es/services/remodelacion-de-banos/country-walk,"Remodelación de Baños en Country Walk, FL | Broke & Fixed","Remodelación de Baños en Country Walk, FL. Transformamos baños anticuados en espacios modernos y funcionales que tu familia realmente disfrutará. Desde azulejos y vanidades hasta renovaciones completas, manejamos cada paso del proceso aquí en Miami-Dade. Llame al 786-363-7039 para un presupuesto gratis.","Remodelación de Baños | en | Country Walk | , | FL",es,https://brokeandfixed.com/es/services/remodelacion-de-banos/country-walk,,Service | LocalBusiness | FAQPage | BreadcrumbList,6,1,18,780,description length 304; H1 count 5; 1/6 images missing alt,
https://brokeandfixed.com/en/services/bathroom-remodeling/coconut-grove,200,https://brokeandfixed.com/en/services/bathroom-remodeling/coconut-grove,"Bathroom Remodeling in Coconut Grove, FL | Broke & Fixed","Coconut Grove bathroom remodeling for historic and modern homes. Custom tile, unique fixtures, and expert craftsmanship. Call Broke and Fixed 305.","Bathroom Remodeling | in | Coconut Grove | , | FL",en,https://brokeandfixed.com/en/services/bathroom-remodeling/coconut-grove,,Service | LocalBusiness | FAQPage | BreadcrumbList,6,1,16,745,H1 count 5; 1/6 images missing alt,
https://brokeandfixed.com/es/services/remodelacion-de-banos/coconut-grove,200,https://brokeandfixed.com/es/services/remodelacion-de-banos/coconut-grove,"Remodelación de Baños en Coconut Grove, FL | Broke & Fixed","Remodelación de Baños en Coconut Grove, FL. Transformamos baños anticuados en espacios modernos y funcionales que tu familia realmente disfrutará. Desde azulejos y vanidades hasta renovaciones completas, manejamos cada paso del proceso aquí en Miami-Dade. Llame al 786-363-7039 para un presupuesto gratis.","Remodelación de Baños | en | Coconut Grove | , | FL",es,https://brokeandfixed.com/es/services/remodelacion-de-banos/coconut-grove,,Service | LocalBusiness | FAQPage | BreadcrumbList,6,1,16,771,description length 305; H1 count 5; 1/6 images missing alt,
https://brokeandfixed.com/en/services/kitchen-remodeling/kendall,200,https://brokeandfixed.com/en/services/kitchen-remodeling/kendall,"Kitchen Remodeling in Kendall, FL | Broke & Fixed","Kitchen remodeling in Kendall, FL. Open concept conversions, new cabinets, countertops, and backsplash. Free estimates from Broke and Fixed 305.","Kitchen Remodeling | in | Kendall | , | FL",en,https://brokeandfixed.com/en/services/kitchen-remodeling/kendall,,Service | LocalBusiness | FAQPage | BreadcrumbList,6,1,18,804,H1 count 5; 1/6 images missing alt,
https://brokeandfixed.com/es/services/remodelacion-de-cocinas/kendall,200,https://brokeandfixed.com/es/services/remodelacion-de-cocinas/kendall,"Remodelación de Cocinas en Kendall, FL | Broke & Fixed","Remodelación de Cocinas en Kendall, FL. Tu cocina es donde todo sucede. Remodelamos cocinas en todo Miami-Dade con nuevos gabinetes, encimeras, salpicaderos y distribuciones que hacen que el espacio funcione mejor para tu estilo de vida. Llame al 786-363-7039 para un presupuesto gratis.","Remodelación de Cocinas | en | Kendall | , | FL",es,https://brokeandfixed.com/es/services/remodelacion-de-cocinas/kendall,,Service | LocalBusiness | FAQPage | BreadcrumbList,6,1,18,830,description length 287; H1 count 5; 1/6 images missing alt,
https://brokeandfixed.com/en/services/kitchen-remodeling/west-kendall,200,https://brokeandfixed.com/en/services/kitchen-remodeling/west-kendall,"Kitchen Remodeling in West Kendall, FL | Broke & Fixed","West Kendall kitchen remodeling. New cabinets, quartz countertops, backsplash, and islands. Get a free estimate from Broke and Fixed 305 today.","Kitchen Remodeling | in | West Kendall | , | FL",en,https://brokeandfixed.com/en/services/kitchen-remodeling/west-kendall,,Service | LocalBusiness | FAQPage | BreadcrumbList,6,1,18,766,H1 count 5; 1/6 images missing alt,
https://brokeandfixed.com/es/services/remodelacion-de-cocinas/west-kendall,200,https://brokeandfixed.com/es/services/remodelacion-de-cocinas/west-kendall,"Remodelación de Cocinas en West Kendall, FL | Broke & Fixed","Remodelación de Cocinas en West Kendall, FL. Tu cocina es donde todo sucede. Remodelamos cocinas en todo Miami-Dade con nuevos gabinetes, encimeras, salpicaderos y distribuciones que hacen que el espacio funcione mejor para tu estilo de vida. Llame al 786-363-7039 para un presupuesto gratis.","Remodelación de Cocinas | en | West Kendall | , | FL",es,https://brokeandfixed.com/es/services/remodelacion-de-cocinas/west-kendall,,Service | LocalBusiness | FAQPage | BreadcrumbList,6,1,18,792,description length 292; H1 count 5; 1/6 images missing alt,
https://brokeandfixed.com/en/services/kitchen-remodeling/palmetto-bay,200,https://brokeandfixed.com/en/services/kitchen-remodeling/palmetto-bay,"Kitchen Remodeling in Palmetto Bay, FL | Broke & Fixed","Palmetto Bay kitchen remodeling. Custom cabinets, stone countertops, islands, and premium finishes. Call Broke and Fixed 305 for your free estimate.","Kitchen Remodeling | in | Palmetto Bay | , | FL",en,https://brokeandfixed.com/en/services/kitchen-remodeling/palmetto-bay,,Service | LocalBusiness | FAQPage | BreadcrumbList,6,1,17,747,H1 count 5; 1/6 images missing alt,
https://brokeandfixed.com/es/services/remodelacion-de-cocinas/palmetto-bay,200,https://brokeandfixed.com/es/services/remodelacion-de-cocinas/palmetto-bay,"Remodelación de Cocinas en Palmetto Bay, FL | Broke & Fixed","Remodelación de Cocinas en Palmetto Bay, FL. Tu cocina es donde todo sucede. Remodelamos cocinas en todo Miami-Dade con nuevos gabinetes, encimeras, salpicaderos y distribuciones que hacen que el espacio funcione mejor para tu estilo de vida. Llame al 786-363-7039 para un presupuesto gratis.","Remodelación de Cocinas | en | Palmetto Bay | , | FL",es,https://brokeandfixed.com/es/services/remodelacion-de-cocinas/palmetto-bay,,Service | LocalBusiness | FAQPage | BreadcrumbList,6,1,17,773,description length 292; H1 count 5; 1/6 images missing alt,
https://brokeandfixed.com/en/services/kitchen-remodeling/doral,200,https://brokeandfixed.com/en/services/kitchen-remodeling/doral,"Kitchen Remodeling in Doral, FL | Broke & Fixed","Doral kitchen remodeling. Replace builder-grade finishes with solid cabinets, stone countertops, and real tile. Free quotes from Broke and Fixed 305.","Kitchen Remodeling | in | Doral | , | FL",en,https://brokeandfixed.com/en/services/kitchen-remodeling/doral,,Service | LocalBusiness | FAQPage | BreadcrumbList,6,1,17,780,H1 count 5; 1/6 images missing alt,
https://brokeandfixed.com/es/services/remodelacion-de-cocinas/doral,200,https://brokeandfixed.com/es/services/remodelacion-de-cocinas/doral,"Remodelación de Cocinas en Doral, FL | Broke & Fixed","Remodelación de Cocinas en Doral, FL. Tu cocina es donde todo sucede. Remodelamos cocinas en todo Miami-Dade con nuevos gabinetes, encimeras, salpicaderos y distribuciones que hacen que el espacio funcione mejor para tu estilo de vida. Llame al 786-363-7039 para un presupuesto gratis.","Remodelación de Cocinas | en | Doral | , | FL",es,https://brokeandfixed.com/es/services/remodelacion-de-cocinas/doral,,Service | LocalBusiness | FAQPage | BreadcrumbList,6,1,17,806,description length 285; H1 count 5; 1/6 images missing alt,
https://brokeandfixed.com/en/services/kitchen-remodeling/the-hammocks,200,https://brokeandfixed.com/en/services/kitchen-remodeling/the-hammocks,"Kitchen Remodeling in The Hammocks, FL | Broke & Fixed","Kitchen remodeling in The Hammocks, FL. Replace tile counters and oak cabinets with quartz and modern shakers. Call Broke and Fixed 305 for a quote.","Kitchen Remodeling | in | The Hammocks | , | FL",en,https://brokeandfixed.com/en/services/kitchen-remodeling/the-hammocks,,Service | LocalBusiness | FAQPage | BreadcrumbList,6,1,17,757,H1 count 5; 1/6 images missing alt,
https://brokeandfixed.com/es/services/remodelacion-de-cocinas/the-hammocks,200,https://brokeandfixed.com/es/services/remodelacion-de-cocinas/the-hammocks,"Remodelación de Cocinas en The Hammocks, FL | Broke & Fixed","Remodelación de Cocinas en The Hammocks, FL. Tu cocina es donde todo sucede. Remodelamos cocinas en todo Miami-Dade con nuevos gabinetes, encimeras, salpicaderos y distribuciones que hacen que el espacio funcione mejor para tu estilo de vida. Llame al 786-363-7039 para un presupuesto gratis.","Remodelación de Cocinas | en | The Hammocks | , | FL",es,https://brokeandfixed.com/es/services/remodelacion-de-cocinas/the-hammocks,,Service | LocalBusiness | FAQPage | BreadcrumbList,6,1,17,783,description length 292; H1 count 5; 1/6 images missing alt,
https://brokeandfixed.com/en/services/kitchen-remodeling/the-crossings,200,https://brokeandfixed.com/en/services/kitchen-remodeling/the-crossings,"Kitchen Remodeling in The Crossings, FL | Broke & Fixed","Kitchen remodeling in The Crossings, West Kendall (33186, 33196). Cabinets, quartz counters, backsplash, and layout changes from a local crew. Free estimate.","Kitchen Remodeling | in | The Crossings | , | FL",en,https://brokeandfixed.com/en/services/kitchen-remodeling/the-crossings,,Service | LocalBusiness | FAQPage | BreadcrumbList,6,1,18,1323,H1 count 5; 1/6 images missing alt,
https://brokeandfixed.com/es/services/remodelacion-de-cocinas/the-crossings,200,https://brokeandfixed.com/es/services/remodelacion-de-cocinas/the-crossings,"Remodelación de Cocinas en The Crossings, FL | Broke & Fixed","Remodelacion de cocina en The Crossings, West Kendall (33186, 33196). Gabinetes, topes de cuarzo y backsplash de un equipo local. Estimado gratis.","Remodelación de Cocinas | en | The Crossings | , | FL",es,https://brokeandfixed.com/es/services/remodelacion-de-cocinas/the-crossings,,Service | LocalBusiness | FAQPage | BreadcrumbList,6,1,18,1413,H1 count 5; 1/6 images missing alt,
https://brokeandfixed.com/en/services/kitchen-remodeling/kendale-lakes,200,https://brokeandfixed.com/en/services/kitchen-remodeling/kendale-lakes,"Kitchen Remodeling in Kendale Lakes, FL | Broke & Fixed","Kendale Lakes kitchen remodeling. New cabinets, quartz countertops, and backsplash at fair prices. Call Broke and Fixed 305 for a free estimate.","Kitchen Remodeling | in | Kendale Lakes | , | FL",en,https://brokeandfixed.com/en/services/kitchen-remodeling/kendale-lakes,,Service | LocalBusiness | FAQPage | BreadcrumbList,6,1,18,738,H1 count 5; 1/6 images missing alt,
https://brokeandfixed.com/es/services/remodelacion-de-cocinas/kendale-lakes,200,https://brokeandfixed.com/es/services/remodelacion-de-cocinas/kendale-lakes,"Remodelación de Cocinas en Kendale Lakes, FL | Broke & Fixed","Remodelación de Cocinas en Kendale Lakes, FL. Tu cocina es donde todo sucede. Remodelamos cocinas en todo Miami-Dade con nuevos gabinetes, encimeras, salpicaderos y distribuciones que hacen que el espacio funcione mejor para tu estilo de vida. Llame al 786-363-7039 para un presupuesto gratis.","Remodelación de Cocinas | en | Kendale Lakes | , | FL",es,https://brokeandfixed.com/es/services/remodelacion-de-cocinas/kendale-lakes,,Service | LocalBusiness | FAQPage | BreadcrumbList,6,1,18,764,description length 293; H1 count 5; 1/6 images missing alt,
https://brokeandfixed.com/en/services/kitchen-remodeling/sweetwater,200,https://brokeandfixed.com/en/services/kitchen-remodeling/sweetwater,"Kitchen Remodeling in Sweetwater, FL | Broke & Fixed","Sweetwater kitchen remodeling for homes and rentals. Cabinets, countertops, and smart layouts. Call Broke and Fixed 305 for your free estimate.","Kitchen Remodeling | in | Sweetwater | , | FL",en,https://brokeandfixed.com/en/services/kitchen-remodeling/sweetwater,,Service | LocalBusiness | FAQPage | BreadcrumbList,6,1,17,718,H1 count 5; 1/6 images missing alt,
https://brokeandfixed.com/es/services/remodelacion-de-cocinas/sweetwater,200,https://brokeandfixed.com/es/services/remodelacion-de-cocinas/sweetwater,"Remodelación de Cocinas en Sweetwater, FL | Broke & Fixed","Remodelación de Cocinas en Sweetwater, FL. Tu cocina es donde todo sucede. Remodelamos cocinas en todo Miami-Dade con nuevos gabinetes, encimeras, salpicaderos y distribuciones que hacen que el espacio funcione mejor para tu estilo de vida. Llame al 786-363-7039 para un presupuesto gratis.","Remodelación de Cocinas | en | Sweetwater | , | FL",es,https://brokeandfixed.com/es/services/remodelacion-de-cocinas/sweetwater,,Service | LocalBusiness | FAQPage | BreadcrumbList,6,1,17,744,description length 290; H1 count 5; 1/6 images missing alt,
https://brokeandfixed.com/en/services/kitchen-remodeling/cutler-bay,200,https://brokeandfixed.com/en/services/kitchen-remodeling/cutler-bay,"Kitchen Remodeling in Cutler Bay, FL | Broke & Fixed","Cutler Bay kitchen remodeling. Solid cabinets, quartz countertops, and moisture-resistant finishes. Free estimates from Broke and Fixed 305.","Kitchen Remodeling | in | Cutler Bay | , | FL",en,https://brokeandfixed.com/en/services/kitchen-remodeling/cutler-bay,,Service | LocalBusiness | FAQPage | BreadcrumbList,6,1,17,738,H1 count 5; 1/6 images missing alt,
https://brokeandfixed.com/es/services/remodelacion-de-cocinas/cutler-bay,200,https://brokeandfixed.com/es/services/remodelacion-de-cocinas/cutler-bay,"Remodelación de Cocinas en Cutler Bay, FL | Broke & Fixed","Remodelación de Cocinas en Cutler Bay, FL. Tu cocina es donde todo sucede. Remodelamos cocinas en todo Miami-Dade con nuevos gabinetes, encimeras, salpicaderos y distribuciones que hacen que el espacio funcione mejor para tu estilo de vida. Llame al 786-363-7039 para un presupuesto gratis.","Remodelación de Cocinas | en | Cutler Bay | , | FL",es,https://brokeandfixed.com/es/services/remodelacion-de-cocinas/cutler-bay,,Service | LocalBusiness | FAQPage | BreadcrumbList,6,1,17,764,description length 290; H1 count 5; 1/6 images missing alt,
https://brokeandfixed.com/en/services/kitchen-remodeling/pinecrest,200,https://brokeandfixed.com/en/services/kitchen-remodeling/pinecrest,"Kitchen Remodeling in Pinecrest, FL | Broke & Fixed","Pinecrest kitchen remodeling. Custom cabinets, natural stone, and professional-grade design. Call Broke and Fixed 305 for a premium kitchen build.","Kitchen Remodeling | in | Pinecrest | , | FL",en,https://brokeandfixed.com/en/services/kitchen-remodeling/pinecrest,,Service | LocalBusiness | FAQPage | BreadcrumbList,6,1,18,783,H1 count 5; 1/6 images missing alt,
https://brokeandfixed.com/es/services/remodelacion-de-cocinas/pinecrest,200,https://brokeandfixed.com/es/services/remodelacion-de-cocinas/pinecrest,"Remodelación de Cocinas en Pinecrest, FL | Broke & Fixed","Remodelación de Cocinas en Pinecrest, FL. Tu cocina es donde todo sucede. Remodelamos cocinas en todo Miami-Dade con nuevos gabinetes, encimeras, salpicaderos y distribuciones que hacen que el espacio funcione mejor para tu estilo de vida. Llame al 786-363-7039 para un presupuesto gratis.","Remodelación de Cocinas | en | Pinecrest | , | FL",es,https://brokeandfixed.com/es/services/remodelacion-de-cocinas/pinecrest,,Service | LocalBusiness | FAQPage | BreadcrumbList,6,1,18,809,description length 289; H1 count 5; 1/6 images missing alt,
https://brokeandfixed.com/en/services/kitchen-remodeling/south-miami,200,https://brokeandfixed.com/en/services/kitchen-remodeling/south-miami,"Kitchen Remodeling in South Miami, FL | Broke & Fixed",South Miami kitchen remodeling. Smart designs for smaller kitchens with quality cabinets and countertops. Call Broke and Fixed 305 for a free estimate.,"Kitchen Remodeling | in | South Miami | , | FL",en,https://brokeandfixed.com/en/services/kitchen-remodeling/south-miami,,Service | LocalBusiness | FAQPage | BreadcrumbList,6,1,18,757,H1 count 5; 1/6 images missing alt,
https://brokeandfixed.com/es/services/remodelacion-de-cocinas/south-miami,200,https://brokeandfixed.com/es/services/remodelacion-de-cocinas/south-miami,"Remodelación de Cocinas en South Miami, FL | Broke & Fixed","Remodelación de Cocinas en South Miami, FL. Tu cocina es donde todo sucede. Remodelamos cocinas en todo Miami-Dade con nuevos gabinetes, encimeras, salpicaderos y distribuciones que hacen que el espacio funcione mejor para tu estilo de vida. Llame al 786-363-7039 para un presupuesto gratis.","Remodelación de Cocinas | en | South Miami | , | FL",es,https://brokeandfixed.com/es/services/remodelacion-de-cocinas/south-miami,,Service | LocalBusiness | FAQPage | BreadcrumbList,6,1,18,783,description length 291; H1 count 5; 1/6 images missing alt,
https://brokeandfixed.com/en/services/kitchen-remodeling/south-miami-heights,200,https://brokeandfixed.com/en/services/kitchen-remodeling/south-miami-heights,"Kitchen Remodeling in South Miami Heights, FL | Broke & Fixed","Affordable kitchen remodeling in South Miami Heights. Cabinets, countertops, and backsplash at honest prices. Call Broke and Fixed 305 for a quote.","Kitchen Remodeling | in | South Miami Heights | , | FL",en,https://brokeandfixed.com/en/services/kitchen-remodeling/south-miami-heights,,Service | LocalBusiness | FAQPage | BreadcrumbList,6,1,18,764,H1 count 5; 1/6 images missing alt,
https://brokeandfixed.com/es/services/remodelacion-de-cocinas/south-miami-heights,200,https://brokeandfixed.com/es/services/remodelacion-de-cocinas/south-miami-heights,"Remodelación de Cocinas en South Miami Heights, FL | Broke & Fixed","Remodelación de Cocinas en South Miami Heights, FL. Tu cocina es donde todo sucede. Remodelamos cocinas en todo Miami-Dade con nuevos gabinetes, encimeras, salpicaderos y distribuciones que hacen que el espacio funcione mejor para tu estilo de vida. Llame al 786-363-7039 para un presupuesto gratis.","Remodelación de Cocinas | en | South Miami Heights | , | FL",es,https://brokeandfixed.com/es/services/remodelacion-de-cocinas/south-miami-heights,,Service | LocalBusiness | FAQPage | BreadcrumbList,6,1,18,790,title length 66; description length 299; H1 count 5; 1/6 images missing alt,
https://brokeandfixed.com/en/services/kitchen-remodeling/miami-gardens,200,https://brokeandfixed.com/en/services/kitchen-remodeling/miami-gardens,"Kitchen Remodeling in Miami Gardens, FL | Broke & Fixed","Miami Gardens kitchen remodeling. Full renovations with new cabinets, countertops, and flooring. Get a free estimate from Broke and Fixed 305.","Kitchen Remodeling | in | Miami Gardens | , | FL",en,https://brokeandfixed.com/en/services/kitchen-remodeling/miami-gardens,,Service | LocalBusiness | FAQPage | BreadcrumbList,6,1,15,746,H1 count 5; 1/6 images missing alt,
https://brokeandfixed.com/es/services/remodelacion-de-cocinas/miami-gardens,200,https://brokeandfixed.com/es/services/remodelacion-de-cocinas/miami-gardens,"Remodelación de Cocinas en Miami Gardens, FL | Broke & Fixed","Remodelación de Cocinas en Miami Gardens, FL. Tu cocina es donde todo sucede. Remodelamos cocinas en todo Miami-Dade con nuevos gabinetes, encimeras, salpicaderos y distribuciones que hacen que el espacio funcione mejor para tu estilo de vida. Llame al 786-363-7039 para un presupuesto gratis.","Remodelación de Cocinas | en | Miami Gardens | , | FL",es,https://brokeandfixed.com/es/services/remodelacion-de-cocinas/miami-gardens,,Service | LocalBusiness | FAQPage | BreadcrumbList,6,1,15,772,description length 293; H1 count 5; 1/6 images missing alt,
https://brokeandfixed.com/en/services/kitchen-remodeling/westchester,200,https://brokeandfixed.com/en/services/kitchen-remodeling/westchester,"Kitchen Remodeling in Westchester, FL | Broke & Fixed","Westchester kitchen remodeling. New cabinets, quartz counters, and open layouts for real families. Call Broke and Fixed 305 for a free estimate.","Kitchen Remodeling | in | Westchester | , | FL",en,https://brokeandfixed.com/en/services/kitchen-remodeling/westchester,,Service | LocalBusiness | FAQPage | BreadcrumbList,6,1,18,725,H1 count 5; 1/6 images missing alt,
https://brokeandfixed.com/es/services/remodelacion-de-cocinas/westchester,200,https://brokeandfixed.com/es/services/remodelacion-de-cocinas/westchester,"Remodelación de Cocinas en Westchester, FL | Broke & Fixed","Remodelación de Cocinas en Westchester, FL. Tu cocina es donde todo sucede. Remodelamos cocinas en todo Miami-Dade con nuevos gabinetes, encimeras, salpicaderos y distribuciones que hacen que el espacio funcione mejor para tu estilo de vida. Llame al 786-363-7039 para un presupuesto gratis.","Remodelación de Cocinas | en | Westchester | , | FL",es,https://brokeandfixed.com/es/services/remodelacion-de-cocinas/westchester,,Service | LocalBusiness | FAQPage | BreadcrumbList,6,1,18,751,description length 291; H1 count 5; 1/6 images missing alt,
https://brokeandfixed.com/en/services/kitchen-remodeling/coral-gables,200,https://brokeandfixed.com/en/services/kitchen-remodeling/coral-gables,"Kitchen Remodeling in Coral Gables, FL | Broke & Fixed","Coral Gables kitchen remodeling. Custom design, premium materials, and full permit coordination. Call Broke and Fixed 305 for your consultation.","Kitchen Remodeling | in | Coral Gables | , | FL",en,https://brokeandfixed.com/en/services/kitchen-remodeling/coral-gables,,Service | LocalBusiness | FAQPage | BreadcrumbList,6,1,18,805,H1 count 5; 1/6 images missing alt,
https://brokeandfixed.com/es/services/remodelacion-de-cocinas/coral-gables,200,https://brokeandfixed.com/es/services/remodelacion-de-cocinas/coral-gables,"Remodelación de Cocinas en Coral Gables, FL | Broke & Fixed","Remodelación de Cocinas en Coral Gables, FL. Tu cocina es donde todo sucede. Remodelamos cocinas en todo Miami-Dade con nuevos gabinetes, encimeras, salpicaderos y distribuciones que hacen que el espacio funcione mejor para tu estilo de vida. Llame al 786-363-7039 para un presupuesto gratis.","Remodelación de Cocinas | en | Coral Gables | , | FL",es,https://brokeandfixed.com/es/services/remodelacion-de-cocinas/coral-gables,,Service | LocalBusiness | FAQPage | BreadcrumbList,6,1,18,831,description length 292; H1 count 5; 1/6 images missing alt,
https://brokeandfixed.com/en/services/kitchen-remodeling/country-walk,200,https://brokeandfixed.com/en/services/kitchen-remodeling/country-walk,"Kitchen Remodeling in Country Walk, FL | Broke & Fixed","Country Walk kitchen remodeling. Replace cheap builder finishes with quality cabinets, quartz, and real tile. Call Broke and Fixed 305 for a quote.","Kitchen Remodeling | in | Country Walk | , | FL",en,https://brokeandfixed.com/en/services/kitchen-remodeling/country-walk,,Service | LocalBusiness | FAQPage | BreadcrumbList,6,1,18,737,H1 count 5; 1/6 images missing alt,
https://brokeandfixed.com/es/services/remodelacion-de-cocinas/country-walk,200,https://brokeandfixed.com/es/services/remodelacion-de-cocinas/country-walk,"Remodelación de Cocinas en Country Walk, FL | Broke & Fixed","Remodelación de Cocinas en Country Walk, FL. Tu cocina es donde todo sucede. Remodelamos cocinas en todo Miami-Dade con nuevos gabinetes, encimeras, salpicaderos y distribuciones que hacen que el espacio funcione mejor para tu estilo de vida. Llame al 786-363-7039 para un presupuesto gratis.","Remodelación de Cocinas | en | Country Walk | , | FL",es,https://brokeandfixed.com/es/services/remodelacion-de-cocinas/country-walk,,Service | LocalBusiness | FAQPage | BreadcrumbList,6,1,18,763,description length 292; H1 count 5; 1/6 images missing alt,
https://brokeandfixed.com/en/services/kitchen-remodeling/coconut-grove,200,https://brokeandfixed.com/en/services/kitchen-remodeling/coconut-grove,"Kitchen Remodeling in Coconut Grove, FL | Broke & Fixed",Coconut Grove kitchen remodeling. Custom designs for historic cottages and modern homes. Call Broke and Fixed 305 to start your kitchen project.,"Kitchen Remodeling | in | Coconut Grove | , | FL",en,https://brokeandfixed.com/en/services/kitchen-remodeling/coconut-grove,,Service | LocalBusiness | FAQPage | BreadcrumbList,6,1,16,737,H1 count 5; 1/6 images missing alt,
https://brokeandfixed.com/es/services/remodelacion-de-cocinas/coconut-grove,200,https://brokeandfixed.com/es/services/remodelacion-de-cocinas/coconut-grove,"Remodelación de Cocinas en Coconut Grove, FL | Broke & Fixed","Remodelación de Cocinas en Coconut Grove, FL. Tu cocina es donde todo sucede. Remodelamos cocinas en todo Miami-Dade con nuevos gabinetes, encimeras, salpicaderos y distribuciones que hacen que el espacio funcione mejor para tu estilo de vida. Llame al 786-363-7039 para un presupuesto gratis.","Remodelación de Cocinas | en | Coconut Grove | , | FL",es,https://brokeandfixed.com/es/services/remodelacion-de-cocinas/coconut-grove,,Service | LocalBusiness | FAQPage | BreadcrumbList,6,1,16,763,description length 293; H1 count 5; 1/6 images missing alt,
https://brokeandfixed.com/en/services/interior-painting/kendall,200,https://brokeandfixed.com/en/services/interior-painting/kendall,"Interior Painting in Kendall, FL | Broke & Fixed","Interior painting in Kendall, FL. Expert prep, premium paint, trim, and ceilings. Fast and clean. Call Broke and Fixed 305 for a free painting quote.","Interior Painting | in | Kendall | , | FL",en,https://brokeandfixed.com/en/services/interior-painting/kendall,,Service | LocalBusiness | FAQPage | BreadcrumbList,5,1,18,808,H1 count 5; 1/5 images missing alt,
https://brokeandfixed.com/es/services/pintura-interior/kendall,200,https://brokeandfixed.com/es/services/pintura-interior/kendall,"Pintura Interior en Kendall, FL | Broke & Fixed","Pintura Interior en Kendall, FL. Una mano de pintura fresca lo cambia todo. Preparamos las superficies correctamente, protegemos tus pisos y muebles, y dejamos líneas limpias siempre. Trabajamos con todo tipo de hogares en Miami-Dade. Llame al 786-363-7039 para un presupuesto gratis.","Pintura Interior | en | Kendall | , | FL",es,https://brokeandfixed.com/es/services/pintura-interior/kendall,,Service | LocalBusiness | FAQPage | BreadcrumbList,5,1,18,820,description length 284; H1 count 5; 1/5 images missing alt,
https://brokeandfixed.com/en/services/interior-painting/west-kendall,200,https://brokeandfixed.com/en/services/interior-painting/west-kendall,"Interior Painting in West Kendall, FL | Broke & Fixed","West Kendall interior painting. Two-story homes, tall ceilings, and every room painted right. Call Broke and Fixed 305 for a free painting estimate.","Interior Painting | in | West Kendall | , | FL",en,https://brokeandfixed.com/en/services/interior-painting/west-kendall,,Service | LocalBusiness | FAQPage | BreadcrumbList,5,1,18,761,H1 count 5; 1/5 images missing alt,
https://brokeandfixed.com/es/services/pintura-interior/west-kendall,200,https://brokeandfixed.com/es/services/pintura-interior/west-kendall,"Pintura Interior en West Kendall, FL | Broke & Fixed","Pintura Interior en West Kendall, FL. Una mano de pintura fresca lo cambia todo. Preparamos las superficies correctamente, protegemos tus pisos y muebles, y dejamos líneas limpias siempre. Trabajamos con todo tipo de hogares en Miami-Dade. Llame al 786-363-7039 para un presupuesto gratis.","Pintura Interior | en | West Kendall | , | FL",es,https://brokeandfixed.com/es/services/pintura-interior/west-kendall,,Service | LocalBusiness | FAQPage | BreadcrumbList,5,1,18,773,description length 289; H1 count 5; 1/5 images missing alt,
https://brokeandfixed.com/en/services/interior-painting/palmetto-bay,200,https://brokeandfixed.com/en/services/interior-painting/palmetto-bay,"Interior Painting in Palmetto Bay, FL | Broke & Fixed","Palmetto Bay interior painting. Precision prep, premium paint, and expert color selection. Call Broke and Fixed 305 for a free painting estimate.","Interior Painting | in | Palmetto Bay | , | FL",en,https://brokeandfixed.com/en/services/interior-painting/palmetto-bay,,Service | LocalBusiness | FAQPage | BreadcrumbList,5,1,17,771,H1 count 5; 1/5 images missing alt,
https://brokeandfixed.com/es/services/pintura-interior/palmetto-bay,200,https://brokeandfixed.com/es/services/pintura-interior/palmetto-bay,"Pintura Interior en Palmetto Bay, FL | Broke & Fixed","Pintura Interior en Palmetto Bay, FL. Una mano de pintura fresca lo cambia todo. Preparamos las superficies correctamente, protegemos tus pisos y muebles, y dejamos líneas limpias siempre. Trabajamos con todo tipo de hogares en Miami-Dade. Llame al 786-363-7039 para un presupuesto gratis.","Pintura Interior | en | Palmetto Bay | , | FL",es,https://brokeandfixed.com/es/services/pintura-interior/palmetto-bay,,Service | LocalBusiness | FAQPage | BreadcrumbList,5,1,17,783,description length 289; H1 count 5; 1/5 images missing alt,
https://brokeandfixed.com/en/services/interior-painting/doral,200,https://brokeandfixed.com/en/services/interior-painting/doral,"Interior Painting in Doral, FL | Broke & Fixed","Doral interior painting for homes and condos. Premium paint, clean prep, and color consultation. Call Broke and Fixed 305 for a free estimate.","Interior Painting | in | Doral | , | FL",en,https://brokeandfixed.com/en/services/interior-painting/doral,,Service | LocalBusiness | FAQPage | BreadcrumbList,5,1,17,807,H1 count 5; 1/5 images missing alt,
https://brokeandfixed.com/es/services/pintura-interior/doral,200,https://brokeandfixed.com/es/services/pintura-interior/doral,"Pintura Interior en Doral, FL | Broke & Fixed","Pintura Interior en Doral, FL. Una mano de pintura fresca lo cambia todo. Preparamos las superficies correctamente, protegemos tus pisos y muebles, y dejamos líneas limpias siempre. Trabajamos con todo tipo de hogares en Miami-Dade. Llame al 786-363-7039 para un presupuesto gratis.","Pintura Interior | en | Doral | , | FL",es,https://brokeandfixed.com/es/services/pintura-interior/doral,,Service | LocalBusiness | FAQPage | BreadcrumbList,5,1,17,819,description length 282; H1 count 5; 1/5 images missing alt,
https://brokeandfixed.com/en/services/interior-painting/the-hammocks,200,https://brokeandfixed.com/en/services/interior-painting/the-hammocks,"Interior Painting in The Hammocks, FL | Broke & Fixed","Interior painting in The Hammocks, FL. Professional prep, premium paint, and clean results. Call Broke and Fixed 305 for a free painting estimate.","Interior Painting | in | The Hammocks | , | FL",en,https://brokeandfixed.com/en/services/interior-painting/the-hammocks,,Service | LocalBusiness | FAQPage | BreadcrumbList,5,1,17,754,H1 count 5; 1/5 images missing alt,
https://brokeandfixed.com/es/services/pintura-interior/the-hammocks,200,https://brokeandfixed.com/es/services/pintura-interior/the-hammocks,"Pintura Interior en The Hammocks, FL | Broke & Fixed","Pintura Interior en The Hammocks, FL. Una mano de pintura fresca lo cambia todo. Preparamos las superficies correctamente, protegemos tus pisos y muebles, y dejamos líneas limpias siempre. Trabajamos con todo tipo de hogares en Miami-Dade. Llame al 786-363-7039 para un presupuesto gratis.","Pintura Interior | en | The Hammocks | , | FL",es,https://brokeandfixed.com/es/services/pintura-interior/the-hammocks,,Service | LocalBusiness | FAQPage | BreadcrumbList,5,1,17,766,description length 289; H1 count 5; 1/5 images missing alt,
https://brokeandfixed.com/en/services/interior-painting/the-crossings,200,https://brokeandfixed.com/en/services/interior-painting/the-crossings,"Interior Painting in The Crossings, FL | Broke & Fixed","Interior painting in The Crossings. Crack repair, stain priming, and premium two-coat finish. Call Broke and Fixed 305 for a free estimate.","Interior Painting | in | The Crossings | , | FL",en,https://brokeandfixed.com/en/services/interior-painting/the-crossings,,Service | LocalBusiness | FAQPage | BreadcrumbList,5,1,18,757,H1 count 5; 1/5 images missing alt,
https://brokeandfixed.com/es/services/pintura-interior/the-crossings,200,https://brokeandfixed.com/es/services/pintura-interior/the-crossings,"Pintura Interior en The Crossings, FL | Broke & Fixed","Pintura Interior en The Crossings, FL. Una mano de pintura fresca lo cambia todo. Preparamos las superficies correctamente, protegemos tus pisos y muebles, y dejamos líneas limpias siempre. Trabajamos con todo tipo de hogares en Miami-Dade. Llame al 786-363-7039 para un presupuesto gratis.","Pintura Interior | en | The Crossings | , | FL",es,https://brokeandfixed.com/es/services/pintura-interior/the-crossings,,Service | LocalBusiness | FAQPage | BreadcrumbList,5,1,18,769,description length 290; H1 count 5; 1/5 images missing alt,
https://brokeandfixed.com/en/services/interior-painting/kendale-lakes,200,https://brokeandfixed.com/en/services/interior-painting/kendale-lakes,"Interior Painting in Kendale Lakes, FL | Broke & Fixed","Kendale Lakes interior painting. Quality prep, premium paint, and fair pricing. Call Broke and Fixed 305 for a free painting estimate today.","Interior Painting | in | Kendale Lakes | , | FL",en,https://brokeandfixed.com/en/services/interior-painting/kendale-lakes,,Service | LocalBusiness | FAQPage | BreadcrumbList,5,1,18,765,H1 count 5; 1/5 images missing alt,
https://brokeandfixed.com/es/services/pintura-interior/kendale-lakes,200,https://brokeandfixed.com/es/services/pintura-interior/kendale-lakes,"Pintura Interior en Kendale Lakes, FL | Broke & Fixed","Pintura Interior en Kendale Lakes, FL. Una mano de pintura fresca lo cambia todo. Preparamos las superficies correctamente, protegemos tus pisos y muebles, y dejamos líneas limpias siempre. Trabajamos con todo tipo de hogares en Miami-Dade. Llame al 786-363-7039 para un presupuesto gratis.","Pintura Interior | en | Kendale Lakes | , | FL",es,https://brokeandfixed.com/es/services/pintura-interior/kendale-lakes,,Service | LocalBusiness | FAQPage | BreadcrumbList,5,1,18,777,description length 290; H1 count 5; 1/5 images missing alt,
https://brokeandfixed.com/en/services/interior-painting/sweetwater,200,https://brokeandfixed.com/en/services/interior-painting/sweetwater,"Interior Painting in Sweetwater, FL | Broke & Fixed","Sweetwater interior painting for homes and rentals. Fast, professional results at honest prices. Call Broke and Fixed 305 for a free painting quote.","Interior Painting | in | Sweetwater | , | FL",en,https://brokeandfixed.com/en/services/interior-painting/sweetwater,,Service | LocalBusiness | FAQPage | BreadcrumbList,5,1,17,738,H1 count 5; 1/5 images missing alt,
https://brokeandfixed.com/es/services/pintura-interior/sweetwater,200,https://brokeandfixed.com/es/services/pintura-interior/sweetwater,"Pintura Interior en Sweetwater, FL | Broke & Fixed","Pintura Interior en Sweetwater, FL. Una mano de pintura fresca lo cambia todo. Preparamos las superficies correctamente, protegemos tus pisos y muebles, y dejamos líneas limpias siempre. Trabajamos con todo tipo de hogares en Miami-Dade. Llame al 786-363-7039 para un presupuesto gratis.","Pintura Interior | en | Sweetwater | , | FL",es,https://brokeandfixed.com/es/services/pintura-interior/sweetwater,,Service | LocalBusiness | FAQPage | BreadcrumbList,5,1,17,750,description length 287; H1 count 5; 1/5 images missing alt,
https://brokeandfixed.com/en/services/interior-painting/cutler-bay,200,https://brokeandfixed.com/en/services/interior-painting/cutler-bay,"Interior Painting in Cutler Bay, FL | Broke & Fixed","Interior painting in Cutler Bay, Miami. Walls, ceilings, trim, drywall and water-stain repair, mildew-resistant paint for coastal homes. Free estimate.","Interior Painting | in | Cutler Bay | , | FL",en,https://brokeandfixed.com/en/services/interior-painting/cutler-bay,,Service | LocalBusiness | FAQPage | BreadcrumbList,5,1,17,2227,H1 count 5; 1/5 images missing alt,
https://brokeandfixed.com/es/services/pintura-interior/cutler-bay,200,https://brokeandfixed.com/es/services/pintura-interior/cutler-bay,"Pintura Interior en Cutler Bay, FL | Broke & Fixed","Pintura interior en Cutler Bay, Miami. Paredes, techos, molduras, reparacion de drywall y pintura resistente al moho para casas humedas. Estimado gratis.","Pintura Interior | en | Cutler Bay | , | FL",es,https://brokeandfixed.com/es/services/pintura-interior/cutler-bay,,Service | LocalBusiness | FAQPage | BreadcrumbList,5,1,17,2352,H1 count 5; 1/5 images missing alt,
https://brokeandfixed.com/en/services/interior-painting/pinecrest,200,https://brokeandfixed.com/en/services/interior-painting/pinecrest,"Interior Painting in Pinecrest, FL | Broke & Fixed","Pinecrest interior painting. Premium paint, expert prep, and detailed trim work for quality homes. Call Broke and Fixed 305 for your consultation.","Interior Painting | in | Pinecrest | , | FL",en,https://brokeandfixed.com/en/services/interior-painting/pinecrest,,Service | LocalBusiness | FAQPage | BreadcrumbList,5,1,18,798,H1 count 5; 1/5 images missing alt,
https://brokeandfixed.com/es/services/pintura-interior/pinecrest,200,https://brokeandfixed.com/es/services/pintura-interior/pinecrest,"Pintura Interior en Pinecrest, FL | Broke & Fixed","Pintura Interior en Pinecrest, FL. Una mano de pintura fresca lo cambia todo. Preparamos las superficies correctamente, protegemos tus pisos y muebles, y dejamos líneas limpias siempre. Trabajamos con todo tipo de hogares en Miami-Dade. Llame al 786-363-7039 para un presupuesto gratis.","Pintura Interior | en | Pinecrest | , | FL",es,https://brokeandfixed.com/es/services/pintura-interior/pinecrest,,Service | LocalBusiness | FAQPage | BreadcrumbList,5,1,18,810,description length 286; H1 count 5; 1/5 images missing alt,
https://brokeandfixed.com/en/services/interior-painting/south-miami,200,https://brokeandfixed.com/en/services/interior-painting/south-miami,"Interior Painting in South Miami, FL | Broke & Fixed","South Miami interior painting for mid-century homes. Careful prep, clean lines, and colors that fit. Call Broke and Fixed 305 for a free estimate.","Interior Painting | in | South Miami | , | FL",en,https://brokeandfixed.com/en/services/interior-painting/south-miami,,Service | LocalBusiness | FAQPage | BreadcrumbList,5,1,18,752,H1 count 5; 1/5 images missing alt,
https://brokeandfixed.com/es/services/pintura-interior/south-miami,200,https://brokeandfixed.com/es/services/pintura-interior/south-miami,"Pintura Interior en South Miami, FL | Broke & Fixed","Pintura Interior en South Miami, FL. Una mano de pintura fresca lo cambia todo. Preparamos las superficies correctamente, protegemos tus pisos y muebles, y dejamos líneas limpias siempre. Trabajamos con todo tipo de hogares en Miami-Dade. Llame al 786-363-7039 para un presupuesto gratis.","Pintura Interior | en | South Miami | , | FL",es,https://brokeandfixed.com/es/services/pintura-interior/south-miami,,Service | LocalBusiness | FAQPage | BreadcrumbList,5,1,18,764,description length 288; H1 count 5; 1/5 images missing alt,
https://brokeandfixed.com/en/services/interior-painting/south-miami-heights,200,https://brokeandfixed.com/en/services/interior-painting/south-miami-heights,"Interior Painting in South Miami Heights, FL | Broke & Fixed","Affordable interior painting in South Miami Heights. Full prep, quality paint, and clean results. Call Broke and Fixed 305 for a free estimate.","Interior Painting | in | South Miami Heights | , | FL",en,https://brokeandfixed.com/en/services/interior-painting/south-miami-heights,,Service | LocalBusiness | FAQPage | BreadcrumbList,5,1,18,767,H1 count 5; 1/5 images missing alt,
https://brokeandfixed.com/es/services/pintura-interior/south-miami-heights,200,https://brokeandfixed.com/es/services/pintura-interior/south-miami-heights,"Pintura Interior en South Miami Heights, FL | Broke & Fixed","Pintura Interior en South Miami Heights, FL. Una mano de pintura fresca lo cambia todo. Preparamos las superficies correctamente, protegemos tus pisos y muebles, y dejamos líneas limpias siempre. Trabajamos con todo tipo de hogares en Miami-Dade. Llame al 786-363-7039 para un presupuesto gratis.","Pintura Interior | en | South Miami Heights | , | FL",es,https://brokeandfixed.com/es/services/pintura-interior/south-miami-heights,,Service | LocalBusiness | FAQPage | BreadcrumbList,5,1,18,779,description length 296; H1 count 5; 1/5 images missing alt,
https://brokeandfixed.com/en/services/interior-painting/miami-gardens,200,https://brokeandfixed.com/en/services/interior-painting/miami-gardens,"Interior Painting in Miami Gardens, FL | Broke & Fixed","Miami Gardens interior painting. Full prep, quality paint, and accent walls done right. Call Broke and Fixed 305 for a free painting estimate.","Interior Painting | in | Miami Gardens | , | FL",en,https://brokeandfixed.com/en/services/interior-painting/miami-gardens,,Service | LocalBusiness | FAQPage | BreadcrumbList,5,1,15,755,H1 count 5; 1/5 images missing alt,
https://brokeandfixed.com/es/services/pintura-interior/miami-gardens,200,https://brokeandfixed.com/es/services/pintura-interior/miami-gardens,"Pintura Interior en Miami Gardens, FL | Broke & Fixed","Pintura Interior en Miami Gardens, FL. Una mano de pintura fresca lo cambia todo. Preparamos las superficies correctamente, protegemos tus pisos y muebles, y dejamos líneas limpias siempre. Trabajamos con todo tipo de hogares en Miami-Dade. Llame al 786-363-7039 para un presupuesto gratis.","Pintura Interior | en | Miami Gardens | , | FL",es,https://brokeandfixed.com/es/services/pintura-interior/miami-gardens,,Service | LocalBusiness | FAQPage | BreadcrumbList,5,1,15,767,description length 290; H1 count 5; 1/5 images missing alt,
https://brokeandfixed.com/en/services/interior-painting/westchester,200,https://brokeandfixed.com/en/services/interior-painting/westchester,"Interior Painting in Westchester, FL | Broke & Fixed","Westchester interior painting. Professional prep, washable finishes, and clean results. Call Broke and Fixed 305 for a free painting estimate.","Interior Painting | in | Westchester | , | FL",en,https://brokeandfixed.com/en/services/interior-painting/westchester,,Service | LocalBusiness | FAQPage | BreadcrumbList,5,1,18,737,H1 count 5; 1/5 images missing alt,
https://brokeandfixed.com/es/services/pintura-interior/westchester,200,https://brokeandfixed.com/es/services/pintura-interior/westchester,"Pintura Interior en Westchester, FL | Broke & Fixed","Pintura Interior en Westchester, FL. Una mano de pintura fresca lo cambia todo. Preparamos las superficies correctamente, protegemos tus pisos y muebles, y dejamos líneas limpias siempre. Trabajamos con todo tipo de hogares en Miami-Dade. Llame al 786-363-7039 para un presupuesto gratis.","Pintura Interior | en | Westchester | , | FL",es,https://brokeandfixed.com/es/services/pintura-interior/westchester,,Service | LocalBusiness | FAQPage | BreadcrumbList,5,1,18,749,description length 288; H1 count 5; 1/5 images missing alt,
https://brokeandfixed.com/en/services/interior-painting/coral-gables,200,https://brokeandfixed.com/en/services/interior-painting/coral-gables,"Interior Painting in Coral Gables, FL | Broke & Fixed","Coral Gables interior painting. Ornate trim, plaster walls, and premium finishes for historic homes. Call Broke and Fixed 305 for your consultation.","Interior Painting | in | Coral Gables | , | FL",en,https://brokeandfixed.com/en/services/interior-painting/coral-gables,,Service | LocalBusiness | FAQPage | BreadcrumbList,5,1,18,811,H1 count 5; 1/5 images missing alt,
https://brokeandfixed.com/es/services/pintura-interior/coral-gables,200,https://brokeandfixed.com/es/services/pintura-interior/coral-gables,"Pintura Interior en Coral Gables, FL | Broke & Fixed","Pintura Interior en Coral Gables, FL. Una mano de pintura fresca lo cambia todo. Preparamos las superficies correctamente, protegemos tus pisos y muebles, y dejamos líneas limpias siempre. Trabajamos con todo tipo de hogares en Miami-Dade. Llame al 786-363-7039 para un presupuesto gratis.","Pintura Interior | en | Coral Gables | , | FL",es,https://brokeandfixed.com/es/services/pintura-interior/coral-gables,,Service | LocalBusiness | FAQPage | BreadcrumbList,5,1,18,823,description length 289; H1 count 5; 1/5 images missing alt,
https://brokeandfixed.com/en/services/interior-painting/country-walk,200,https://brokeandfixed.com/en/services/interior-painting/country-walk,"Interior Painting in Country Walk, FL | Broke & Fixed","Country Walk interior painting. Two-story staging, premium paint, and clean results for family homes. Call Broke and Fixed 305 for a free estimate.","Interior Painting | in | Country Walk | , | FL",en,https://brokeandfixed.com/en/services/interior-painting/country-walk,,Service | LocalBusiness | FAQPage | BreadcrumbList,5,1,18,777,H1 count 5; 1/5 images missing alt,
https://brokeandfixed.com/es/services/pintura-interior/country-walk,200,https://brokeandfixed.com/es/services/pintura-interior/country-walk,"Pintura Interior en Country Walk, FL | Broke & Fixed","Pintura Interior en Country Walk, FL. Una mano de pintura fresca lo cambia todo. Preparamos las superficies correctamente, protegemos tus pisos y muebles, y dejamos líneas limpias siempre. Trabajamos con todo tipo de hogares en Miami-Dade. Llame al 786-363-7039 para un presupuesto gratis.","Pintura Interior | en | Country Walk | , | FL",es,https://brokeandfixed.com/es/services/pintura-interior/country-walk,,Service | LocalBusiness | FAQPage | BreadcrumbList,5,1,18,789,description length 289; H1 count 5; 1/5 images missing alt,
https://brokeandfixed.com/en/services/interior-painting/coconut-grove,200,https://brokeandfixed.com/en/services/interior-painting/coconut-grove,"Interior Painting in Coconut Grove, FL | Broke & Fixed","Coconut Grove interior painting for historic and modern homes. Any color, any style, done right. Call Broke and Fixed 305 for a free estimate.","Interior Painting | in | Coconut Grove | , | FL",en,https://brokeandfixed.com/en/services/interior-painting/coconut-grove,,Service | LocalBusiness | FAQPage | BreadcrumbList,5,1,16,767,H1 count 5; 1/5 images missing alt,
https://brokeandfixed.com/es/services/pintura-interior/coconut-grove,200,https://brokeandfixed.com/es/services/pintura-interior/coconut-grove,"Pintura Interior en Coconut Grove, FL | Broke & Fixed","Pintura Interior en Coconut Grove, FL. Una mano de pintura fresca lo cambia todo. Preparamos las superficies correctamente, protegemos tus pisos y muebles, y dejamos líneas limpias siempre. Trabajamos con todo tipo de hogares en Miami-Dade. Llame al 786-363-7039 para un presupuesto gratis.","Pintura Interior | en | Coconut Grove | , | FL",es,https://brokeandfixed.com/es/services/pintura-interior/coconut-grove,,Service | LocalBusiness | FAQPage | BreadcrumbList,5,1,16,779,description length 290; H1 count 5; 1/5 images missing alt,
https://brokeandfixed.com/en/services/exterior-painting/kendall,200,https://brokeandfixed.com/en/services/exterior-painting/kendall,"Exterior Painting in Kendall, FL | Broke & Fixed","Exterior painting in Kendall FL. Pressure washing, stucco repair, and weather-resistant paint for 70s-80s homes. Free estimates from Broke and Fixed 305.","Exterior Painting | in | Kendall | , | FL",en,https://brokeandfixed.com/en/services/exterior-painting/kendall,,Service | LocalBusiness | FAQPage | BreadcrumbList,6,1,18,742,H1 count 5; 1/6 images missing alt,
https://brokeandfixed.com/es/services/pintura-exterior/kendall,200,https://brokeandfixed.com/es/services/pintura-exterior/kendall,"Pintura Exterior en Kendall, FL | Broke & Fixed","Pintura Exterior en Kendall, FL. El clima del sur de Florida es duro con la pintura. Lavamos a presión, raspamos, aplicamos imprimante y usamos recubrimientos diseñados para el calor, la humedad y la lluvia. La apariencia de tu hogar importa y lo tomamos en serio. Llame al 786-363-7039 para un presupuesto gratis.","Pintura Exterior | en | Kendall | , | FL",es,https://brokeandfixed.com/es/services/pintura-exterior/kendall,,Service | LocalBusiness | FAQPage | BreadcrumbList,6,1,18,754,description length 314; H1 count 5; 1/6 images missing alt,
https://brokeandfixed.com/en/services/exterior-painting/west-kendall,200,https://brokeandfixed.com/en/services/exterior-painting/west-kendall,"Exterior Painting in West Kendall, FL | Broke & Fixed","Exterior painting in West Kendall FL. HOA-compliant colors, UV-resistant paint, and full stucco prep. Free estimates from Broke and Fixed 305.","Exterior Painting | in | West Kendall | , | FL",en,https://brokeandfixed.com/en/services/exterior-painting/west-kendall,,Service | LocalBusiness | FAQPage | BreadcrumbList,6,1,18,744,H1 count 5; 1/6 images missing alt,
https://brokeandfixed.com/es/services/pintura-exterior/west-kendall,200,https://brokeandfixed.com/es/services/pintura-exterior/west-kendall,"Pintura Exterior en West Kendall, FL | Broke & Fixed","Pintura Exterior en West Kendall, FL. El clima del sur de Florida es duro con la pintura. Lavamos a presión, raspamos, aplicamos imprimante y usamos recubrimientos diseñados para el calor, la humedad y la lluvia. La apariencia de tu hogar importa y lo tomamos en serio. Llame al 786-363-7039 para un presupuesto gratis.","Pintura Exterior | en | West Kendall | , | FL",es,https://brokeandfixed.com/es/services/pintura-exterior/west-kendall,,Service | LocalBusiness | FAQPage | BreadcrumbList,6,1,18,756,description length 319; H1 count 5; 1/6 images missing alt,
